* EIRENE input file generated with uinp v. 2.2                          
* Created with SOLPS-ITER Uinp version 3.0.8-341-g35de6d85-dirty        
*** 1. Data for operating mode                                          
    -1     1   100 30401     1     1     0     1     0
    -1     1     0     1     1     9     1     0     1
TFFTF FFFFF TFFTF F
CFILE AMJUEL Database/AMdata/amjuel.tex           
CFILE HYDHEL Database/AMdata/hydhel.tex           
CFILE SPUTER Database/Surfacedata/SPUTER          
CFILE TRIM   Database/Surfacedata/TRIM/trim.dat   
CFILE AMMONX Database/AMdata/AMMONX_Arrh-elast.tex
*** 2. Data for standard mesh                                           
     6     1     1
T
FFFFT FFF
    48     1   208     6     0
 0.00000E+00 0.00000E+00 0.00000E+00
T
FFF
   208     0     0     0
 0.00000E+00 1.00000E+00 0.00000E+00 0.00000E+00
F
FTF
     0     0    60     0
 0.00000E+00 0.00000E+00 3.60000E+02 0.00000E+00 1.00000E-05
F
** 2e. Data for additional cells outside standard mesh                  
T
     4
 1.00000E+00 1.00000E+00 1.00000E+00 1.00000E+00
*** 3a. Data for non-default standard surfaces                          
    12
*   1 : Core side    1                                                  
     1     1     1    22    62     0     0     0     0
     2     2     0     0     0     6     0     0     0     0
*   2 : Core side    2                                                  
     2     1     1   127   167     0     0     0     0
     2     2     0     0     0     6     0     0     0     0
*   3 : Target       1                                                  
     3     2     1     1    48     0     0     0     0
     1     2     0     0     0     6     0     0     0     0
SURFMOD_1_PUMP_1160K                                                    
*   4 : Target       2                                                  
     4     2    83     1    48     0     0     0     0
     1     2     0     0     0     6     0     0     0     0
SURFMOD_1_PUMP_1160K                                                    
*   5 : Target       3                                                  
     5     2    86     1    48     0     0     0     0
     1     2     0     0     0     6     0     0     0     0
SURFMOD_1_PUMP_1160K                                                    
*   6 : Target       4                                                  
     6     2   208     1    48     0     0     0     0
     1     2     0     0     0     6     0     0     0     0
SURFMOD_1_PUMP_1160K                                                    
*   7 : PFR side     1                                                  
     7     1     1     1    21     0     0     0     0
    -3     0     0     0     0     6     0     0     0    -4
*   8 : PFR side     2                                                  
     8     1     1    63    83     0     0     0     0
    -3     0     0     0     0     6     0     0     0    -2
*   9 : PFR side     3                                                  
     9     1     1    86   126     0     0     0     0
    -3     0     0     0     0     6     0     0     0    -2
*  10 : PFR side     4                                                  
    10     1     1   168   208     0     0     0     0
    -3     0     0     0     0     6     0     0     0    -4
*  11 : Outer side   1                                                  
    11     1    48     1    83     0     0     0     0
    -3     0     0     0     0     6     0     0     0    -1
*  12 : Outer side   2                                                  
    12     1    48    86   208     0     0     0     0
    -3     0     0     0     0     6     0     0     0    -3
*** 3b. Data for additional surfaces                                    
   516
*    1 :    1                                                                 
 2.00000E+00 1.00000E+00 1.00000E+00 1.00000E-05
     1     1     0     0     0     1     0     0     0    -1
 1.67500E+02-6.30000E+02-1.00000E+20 1.65307E+02-6.33603E+02 1.00000E+20
SURFMOD_2_PUMP_1160K                                                    
*    2 :    2                                                                 
 2.00000E+00 1.00000E+00 1.00000E+00 1.00000E-05
     1     1     0     0     0     1     0     0     0     0
 5.40000E+02-8.51735E+02-1.00000E+20 5.51464E+02-8.51245E+02 1.00000E+20
SURFMOD_1_PUMP_1160K                                                    
*    3 :    3  - target edge (to be modified by GEOUSR)                       
 2.00000E+00 1.00000E+00 1.00000E+00 1.00000E-05
     1     1     0     0     0     1     0     0     0    -4
 1.73366E+02-6.57808E+02-1.00000E+20 1.80055E+02-6.77573E+02 1.00000E+20
SURFMOD_1_PUMP_1160K                                                    
*    4 :    4                                                                 
 2.00000E+00 1.00000E+00 1.00000E+00 1.00000E-05
     1     1     0     0     0     1     0     0     0    -4
 1.80055E+02-6.77573E+02-1.00000E+20 1.82995E+02-6.77650E+02 1.00000E+20
SURFMOD_2_PUMP_1160K                                                    
*    5 :    5                                                                 
 2.00000E+00 1.00000E+00 1.00000E+00 1.00000E-05
     1     1     0     0     0     1     0     0     0    -4
 1.82995E+02-6.77650E+02-1.00000E+20 1.84000E+02-6.77700E+02 1.00000E+20
SURFMOD_2_PUMP_1160K                                                    
*    6 :    6                                                                 
 2.00000E+00 1.00000E+00 1.00000E+00 1.00000E-05
     1     1     0     0     0     1     0     0     0    -4
 1.84000E+02-6.77700E+02-1.00000E+20 2.09900E+02-6.77700E+02 1.00000E+20
SURFMOD_2_PUMP_1160K                                                    
*    7 :    7                                                                 
 2.00000E+00 1.00000E+00 1.00000E+00 1.00000E-05
     1     1     0     0     0     1     0     0     0    -4
 2.09900E+02-6.77700E+02-1.00000E+20 2.64900E+02-6.77700E+02 1.00000E+20
SURFMOD_2_PUMP_1160K                                                    
*    8 :    8                                                                 
 2.00000E+00 1.00000E+00 1.00000E+00 1.00000E-05
     1     1     0     0     0     1     0     0     0    -4
 2.64900E+02-6.77700E+02-1.00000E+20 2.80000E+02-6.77744E+02 1.00000E+20
SURFMOD_2_PUMP_1160K                                                    
*    9 :    9                                                                 
 2.00000E+00 1.00000E+00 1.00000E+00 1.00000E-05
     1     1     0     0     0     1     0     0     0    -4
 2.80000E+02-6.77744E+02-1.00000E+20 3.58686E+02-7.70472E+02 1.00000E+20
SURFMOD_2_PUMP_1160K                                                    
*   10 :   10                                                                 
 2.00000E+00 1.00000E+00 1.00000E+00 1.00000E-05
     1     1     0     0     0     1     0     0     0    -4
 3.58686E+02-7.70472E+02-1.00000E+20 4.09386E+02-8.22872E+02 1.00000E+20
SURFMOD_2_PUMP_1160K                                                    
*   11 :   11                                                                 
 2.00000E+00 1.00000E+00 1.00000E+00 1.00000E-05
     1     1     0     0     0     1     0     0     0    -4
 4.09386E+02-8.22872E+02-1.00000E+20 4.74154E+02-8.52449E+02 1.00000E+20
SURFMOD_2_PUMP_1160K                                                    
*   12 :   12                                                                 
 2.00000E+00 1.00000E+00 1.00000E+00 1.00000E-05
     1     1     0     0     0     1     0     0     0    -4
 4.74154E+02-8.52449E+02-1.00000E+20 5.19158E+02-8.52657E+02 1.00000E+20
SURFMOD_2_PUMP_1160K                                                    
*   13 :   13                                                                 
 2.00000E+00 1.00000E+00 1.00000E+00 1.00000E-05
     1     1     0     0     0     1     0     0     0     0
 5.51464E+02-8.51243E+02-1.00000E+20 6.30042E+02-8.54122E+02 1.00000E+20
SURFMOD_2_PUMP_1160K                                                    
*   14 :   14                                                                 
 2.00000E+00 1.00000E+00 1.00000E+00 1.00000E-05
     1     1     0     0     0     1     0     0     0     0
 6.30042E+02-8.54122E+02-1.00000E+20 5.87843E+02-8.83408E+02 1.00000E+20
SURFMOD_2_PUMP_1160K                                                    
*   15 :   15                                                                 
 2.00000E+00 1.00000E+00 1.00000E+00 1.00000E-05
     1     1     0     0     0     1     0     0     0     0
 5.87843E+02-8.83408E+02-1.00000E+20 5.30143E+02-8.78844E+02 1.00000E+20
SURFMOD_2_PUMP_1160K                                                    
*   16 :   16                                                                 
 2.00000E+00 1.00000E+00 1.00000E+00 1.00000E-05
     1     1     0     0     0     1     0     0     0     0
 5.30143E+02-8.78844E+02-1.00000E+20 5.19158E+02-8.52657E+02 1.00000E+20
SURFMOD_2_PUMP_1160K                                                    
*   17 :   17                                                                 
 2.00000E+00 1.00000E+00 1.00000E+00 1.00000E-05
     1     1     0     0     0     1     0     0     0    -4
 5.19158E+02-8.52657E+02-1.00000E+20 5.22719E+02-8.52423E+02 1.00000E+20
SURFMOD_2_PUMP_1160K                                                    
*   18 :   18  - target edge (to be modified by GEOUSR)                       
 2.00000E+00 1.00000E+00 1.00000E+00 1.00000E-05
     1     1     0     0     0     1     0     0     0    -4
 5.22719E+02-8.52423E+02-1.00000E+20 5.40000E+02-8.51735E+02 1.00000E+20
SURFMOD_1_PUMP_1160K                                                    
*   19 :   19  - target edge (to be modified by GEOUSR)                       
 2.00000E+00 1.00000E+00 1.00000E+00 1.00000E-05
     1     1     0     0     0     1     0     0     0    -3
 5.51464E+02 8.51243E+02-1.00000E+20 5.51464E+02 8.51245E+02 1.00000E+20
SURFMOD_2_PUMP_1160K                                                    
*   20 :   20                                                                 
 2.00000E+00 1.00000E+00 1.00000E+00 1.00000E-05
     1     1     0     0     0     1     0     0     0    -3
 5.51464E+02-8.51243E+02-1.00000E+20 5.74301E+02-8.51233E+02 1.00000E+20
SURFMOD_2_PUMP_1160K                                                    
*   21 :   21                                                                 
 2.00000E+00 1.00000E+00 1.00000E+00 1.00000E-05
     1     1     0     0     0     1     0     0     0    -3
 5.74301E+02-8.51233E+02-1.00000E+20 5.74112E+02-7.84282E+02 1.00000E+20
SURFMOD_3_PUMP_1160K                                                    
*   22 :   22                                                                 
 2.00000E+00 1.00000E+00 1.00000E+00 1.00000E-05
     1     1     0     0     0     1     0     0     0    -3
 5.74112E+02-7.84282E+02-1.00000E+20 5.49226E+02-7.84282E+02 1.00000E+20
SURFMOD_2_PUMP_1160K                                                    
*   23 :   23                                                                 
 2.00000E+00 1.00000E+00 1.00000E+00 1.00000E-05
     1     1     0     0     0     1     0     0     0    -3
 5.49226E+02-7.84282E+02-1.00000E+20 4.93639E+02-7.84357E+02 1.00000E+20
SURFMOD_2_PUMP_1160K                                                    
*   24 :   24                                                                 
 2.00000E+00 1.00000E+00 1.00000E+00 1.00000E-05
     1     1     0     0     0     1     0     0     0    -3
 4.93639E+02 7.84357E+02-1.00000E+20 5.49226E+02 7.84282E+02 1.00000E+20
SURFMOD_2_PUMP_1160K                                                    
*   25 :   32                                                                 
 2.00000E+00 1.00000E+00 1.00000E+00 1.00000E-05
     1     1     0     0     0     1     0     0     0    -3
 4.93639E+02-7.84357E+02-1.00000E+20 4.61477E+02-7.60154E+02 1.00000E+20
SURFMOD_2_PUMP_1160K                                                    
*   26 :   33                                                                 
 2.00000E+00 1.00000E+00 1.00000E+00 1.00000E-05
     1     1     0     0     0     1     0     0     0    -3
 4.61477E+02-7.60154E+02-1.00000E+20 3.82175E+02-6.74169E+02 1.00000E+20
SURFMOD_2_PUMP_1160K                                                    
*   27 :   34                                                                 
 2.00000E+00 1.00000E+00 1.00000E+00 1.00000E-05
     1     1     0     0     0     1     0     0     0    -3
 3.82175E+02-6.74169E+02-1.00000E+20 3.51058E+02-6.43300E+02 1.00000E+20
SURFMOD_2_PUMP_1160K                                                    
*   28 :   35                                                                 
 2.00000E+00 1.00000E+00 1.00000E+00 1.00000E-05
     1     1     0     0     0     1     0     0     0    -3
 3.51058E+02-6.43300E+02-1.00000E+20 3.20049E+02-6.08963E+02 1.00000E+20
SURFMOD_2_PUMP_1160K                                                    
*   29 :   36                                                                 
 2.00000E+00 1.00000E+00 1.00000E+00 1.00000E-05
     1     1     0     0     0     1     0     0     0    -3
 3.20049E+02-6.08963E+02-1.00000E+20 3.32911E+02-5.79950E+02 1.00000E+20
SURFMOD_2_PUMP_1160K                                                    
*   30 :   37                                                                 
 2.00000E+00 1.00000E+00 1.00000E+00 1.00000E-05
     1     1     0     0     0     1     0     0     0    -3
 3.32911E+02-5.79950E+02-1.00000E+20 3.44646E+02-5.58083E+02 1.00000E+20
SURFMOD_2_PUMP_1160K                                                    
*   31 :   38                                                                 
 2.00000E+00 1.00000E+00 1.00000E+00 1.00000E-05
     1     1     0     0     0     1     0     0     0    -3
 3.44646E+02-5.58083E+02-1.00000E+20 3.53501E+02-5.44658E+02 1.00000E+20
SURFMOD_2_PUMP_1160K                                                    
*   32 :   39                                                                 
 2.00000E+00 1.00000E+00 1.00000E+00 1.00000E-05
     1     1     0     0     0     1     0     0     0    -3
 3.53501E+02-5.44658E+02-1.00000E+20 3.59642E+02-5.36517E+02 1.00000E+20
SURFMOD_2_PUMP_1160K                                                    
*   33 :   40                                                                 
 2.00000E+00 1.00000E+00 1.00000E+00 1.00000E-05
     1     1     0     0     0     1     0     0     0    -3
 3.59642E+02-5.36517E+02-1.00000E+20 3.63784E+02-5.31232E+02 1.00000E+20
SURFMOD_2_PUMP_1160K                                                    
*   34 :   41                                                                 
 2.00000E+00 1.00000E+00 1.00000E+00 1.00000E-05
     1     1     0     0     0     1     0     0     0    -3
 3.63784E+02-5.31232E+02-1.00000E+20 3.67212E+02-5.27233E+02 1.00000E+20
SURFMOD_2_PUMP_1160K                                                    
*   35 :   42                                                                 
 2.00000E+00 1.00000E+00 1.00000E+00 1.00000E-05
     1     1     0     0     0     1     0     0     0    -3
 3.67212E+02-5.27233E+02-1.00000E+20 3.70639E+02-5.23663E+02 1.00000E+20
SURFMOD_2_PUMP_1160K                                                    
*   36 :   43                                                                 
 2.00000E+00 1.00000E+00 1.00000E+00 1.00000E-05
     1     1     0     0     0     1     0     0     0    -3
 3.70639E+02-5.23663E+02-1.00000E+20 3.73639E+02-5.19663E+02 1.00000E+20
SURFMOD_2_PUMP_1160K                                                    
*   37 :   44                                                                 
 2.00000E+00 1.00000E+00 1.00000E+00 1.00000E-05
     1     1     0     0     0     1     0     0     0    -3
 3.73639E+02-5.19663E+02-1.00000E+20 3.75781E+02-5.17664E+02 1.00000E+20
SURFMOD_2_PUMP_1160K                                                    
*   38 :   45                                                                 
 2.00000E+00 1.00000E+00 1.00000E+00 1.00000E-05
     1     1     0     0     0     1     0     0     0    -3
 3.75781E+02-5.17664E+02-1.00000E+20 3.77066E+02-5.15807E+02 1.00000E+20
SURFMOD_2_PUMP_1160K                                                    
*   39 :   46                                                                 
 2.00000E+00 1.00000E+00 1.00000E+00 1.00000E-05
     1     1     0     0     0     1     0     0     0    -3
 3.77066E+02-5.15807E+02-1.00000E+20 3.77924E+02-5.15093E+02 1.00000E+20
SURFMOD_2_PUMP_1160K                                                    
*   40 :   47                                                                 
 2.00000E+00 1.00000E+00 1.00000E+00 1.00000E-05
     1     1     0     0     0     1     0     0     0    -3
 3.77924E+02-5.15093E+02-1.00000E+20 3.78921E+02-5.13975E+02 1.00000E+20
SURFMOD_2_PUMP_1160K                                                    
*   41 :   48                                                                 
 2.00000E+00 1.00000E+00 1.00000E+00 1.00000E-05
     1     1     0     0     0     1     0     0     0    -3
 3.78921E+02-5.13975E+02-1.00000E+20 3.86622E+02-5.06075E+02 1.00000E+20
SURFMOD_2_PUMP_1160K                                                    
*   42 :   49                                                                 
 2.00000E+00 1.00000E+00 1.00000E+00 1.00000E-05
     1     1     0     0     0     1     0     0     0    -3
 3.86622E+02-5.06075E+02-1.00000E+20 3.94762E+02-4.98175E+02 1.00000E+20
SURFMOD_2_PUMP_1160K                                                    
*   43 :   50                                                                 
 2.00000E+00 1.00000E+00 1.00000E+00 1.00000E-05
     1     1     0     0     0     1     0     0     0    -3
 3.94762E+02-4.98175E+02-1.00000E+20 4.03300E+02-4.90275E+02 1.00000E+20
SURFMOD_2_PUMP_1160K                                                    
*   44 :   51                                                                 
 2.00000E+00 1.00000E+00 1.00000E+00 1.00000E-05
     1     1     0     0     0     1     0     0     0    -3
 4.03300E+02-4.90275E+02-1.00000E+20 4.12187E+02-4.82375E+02 1.00000E+20
SURFMOD_2_PUMP_1160K                                                    
*   45 :   52                                                                 
 2.00000E+00 1.00000E+00 1.00000E+00 1.00000E-05
     1     1     0     0     0     1     0     0     0    -3
 4.12187E+02-4.82375E+02-1.00000E+20 4.21362E+02-4.74475E+02 1.00000E+20
SURFMOD_2_PUMP_1160K                                                    
*   46 :   53                                                                 
 2.00000E+00 1.00000E+00 1.00000E+00 1.00000E-05
     1     1     0     0     0     1     0     0     0    -3
 4.21362E+02-4.74475E+02-1.00000E+20 4.30762E+02-4.66575E+02 1.00000E+20
SURFMOD_2_PUMP_1160K                                                    
*   47 :   54                                                                 
 2.00000E+00 1.00000E+00 1.00000E+00 1.00000E-05
     1     1     0     0     0     1     0     0     0    -3
 4.30762E+02-4.66575E+02-1.00000E+20 4.40314E+02-4.58675E+02 1.00000E+20
SURFMOD_2_PUMP_1160K                                                    
*   48 :   55                                                                 
 2.00000E+00 1.00000E+00 1.00000E+00 1.00000E-05
     1     1     0     0     0     1     0     0     0    -3
 4.40314E+02-4.58675E+02-1.00000E+20 4.49942E+02-4.50775E+02 1.00000E+20
SURFMOD_2_PUMP_1160K                                                    
*   49 :   56                                                                 
 2.00000E+00 1.00000E+00 1.00000E+00 1.00000E-05
     1     1     0     0     0     1     0     0     0    -3
 4.49942E+02-4.50775E+02-1.00000E+20 5.05035E+02-3.73533E+02 1.00000E+20
SURFMOD_2_PUMP_1160K                                                    
*   50 :   57                                                                 
 2.00000E+00 1.00000E+00 1.00000E+00 1.00000E-05
     1     1     0     0     0     1     0     0     0    -3
 5.05035E+02-3.73533E+02-1.00000E+20 5.07633E+02-3.69565E+02 1.00000E+20
SURFMOD_2_PUMP_1160K                                                    
*   51 :   58                                                                 
 2.00000E+00 1.00000E+00 1.00000E+00 1.00000E-05
     1     1     0     0     0     1     0     0     0    -3
 5.07633E+02-3.69565E+02-1.00000E+20 5.10262E+02-3.65500E+02 1.00000E+20
SURFMOD_2_PUMP_1160K                                                    
*   52 :   59                                                                 
 2.00000E+00 1.00000E+00 1.00000E+00 1.00000E-05
     1     1     0     0     0     1     0     0     0    -3
 5.10262E+02-3.65500E+02-1.00000E+20 5.12006E+02-3.62760E+02 1.00000E+20
SURFMOD_2_PUMP_1160K                                                    
*   53 :   60                                                                 
 2.00000E+00 1.00000E+00 1.00000E+00 1.00000E-05
     1     1     0     0     0     1     0     0     0    -3
 5.12006E+02-3.62760E+02-1.00000E+20 5.12901E+02-3.61352E+02 1.00000E+20
SURFMOD_2_PUMP_1160K                                                    
*   54 :   61                                                                 
 2.00000E+00 1.00000E+00 1.00000E+00 1.00000E-05
     1     1     0     0     0     1     0     0     0    -3
 5.12901E+02-3.61352E+02-1.00000E+20 5.14211E+02-3.59256E+02 1.00000E+20
SURFMOD_2_PUMP_1160K                                                    
*   55 :   62                                                                 
 2.00000E+00 1.00000E+00 1.00000E+00 1.00000E-05
     1     1     0     0     0     1     0     0     0    -3
 5.14211E+02-3.59256E+02-1.00000E+20 5.15545E+02-3.57116E+02 1.00000E+20
SURFMOD_2_PUMP_1160K                                                    
*   56 :   63                                                                 
 2.00000E+00 1.00000E+00 1.00000E+00 1.00000E-05
     1     1     0     0     0     1     0     0     0    -3
 5.15545E+02-3.57116E+02-1.00000E+20 5.16385E+02-3.55745E+02 1.00000E+20
SURFMOD_2_PUMP_1160K                                                    
*   57 :   64                                                                 
 2.00000E+00 1.00000E+00 1.00000E+00 1.00000E-05
     1     1     0     0     0     1     0     0     0    -3
 5.16385E+02-3.55745E+02-1.00000E+20 5.18188E+02-3.52791E+02 1.00000E+20
SURFMOD_2_PUMP_1160K                                                    
*   58 :   65                                                                 
 2.00000E+00 1.00000E+00 1.00000E+00 1.00000E-05
     1     1     0     0     0     1     0     0     0    -3
 5.18188E+02-3.52791E+02-1.00000E+20 5.18513E+02-3.52251E+02 1.00000E+20
SURFMOD_2_PUMP_1160K                                                    
*   59 :   66                                                                 
 2.00000E+00 1.00000E+00 1.00000E+00 1.00000E-05
     1     1     0     0     0     1     0     0     0    -3
 5.18513E+02-3.52251E+02-1.00000E+20 5.20808E+02-3.48429E+02 1.00000E+20
SURFMOD_2_PUMP_1160K                                                    
*   60 :   67                                                                 
 2.00000E+00 1.00000E+00 1.00000E+00 1.00000E-05
     1     1     0     0     0     1     0     0     0    -3
 5.20808E+02-3.48429E+02-1.00000E+20 5.22587E+02-3.45421E+02 1.00000E+20
SURFMOD_2_PUMP_1160K                                                    
*   61 :   68                                                                 
 2.00000E+00 1.00000E+00 1.00000E+00 1.00000E-05
     1     1     0     0     0     1     0     0     0    -3
 5.22587E+02-3.45421E+02-1.00000E+20 5.23451E+02-3.43954E+02 1.00000E+20
SURFMOD_2_PUMP_1160K                                                    
*   62 :   69                                                                 
 2.00000E+00 1.00000E+00 1.00000E+00 1.00000E-05
     1     1     0     0     0     1     0     0     0    -3
 5.23451E+02-3.43954E+02-1.00000E+20 5.24644E+02-3.41895E+02 1.00000E+20
SURFMOD_2_PUMP_1160K                                                    
*   63 :   70                                                                 
 2.00000E+00 1.00000E+00 1.00000E+00 1.00000E-05
     1     1     0     0     0     1     0     0     0    -3
 5.24644E+02-3.41895E+02-1.00000E+20 5.26101E+02-3.39363E+02 1.00000E+20
SURFMOD_2_PUMP_1160K                                                    
*   64 :   71                                                                 
 2.00000E+00 1.00000E+00 1.00000E+00 1.00000E-05
     1     1     0     0     0     1     0     0     0    -3
 5.26101E+02-3.39363E+02-1.00000E+20 5.26664E+02-3.38370E+02 1.00000E+20
SURFMOD_2_PUMP_1160K                                                    
*   65 :   72                                                                 
 2.00000E+00 1.00000E+00 1.00000E+00 1.00000E-05
     1     1     0     0     0     1     0     0     0    -3
 5.26664E+02-3.38370E+02-1.00000E+20 5.28733E+02-3.34694E+02 1.00000E+20
SURFMOD_2_PUMP_1160K                                                    
*   66 :   73                                                                 
 2.00000E+00 1.00000E+00 1.00000E+00 1.00000E-05
     1     1     0     0     0     1     0     0     0    -3
 5.28733E+02-3.34694E+02-1.00000E+20 5.30495E+02-3.31521E+02 1.00000E+20
SURFMOD_2_PUMP_1160K                                                    
*   67 :   74                                                                 
 2.00000E+00 1.00000E+00 1.00000E+00 1.00000E-05
     1     1     0     0     0     1     0     0     0    -3
 5.30495E+02-3.31521E+02-1.00000E+20 5.31377E+02-3.29922E+02 1.00000E+20
SURFMOD_2_PUMP_1160K                                                    
*   68 :   75                                                                 
 2.00000E+00 1.00000E+00 1.00000E+00 1.00000E-05
     1     1     0     0     0     1     0     0     0    -3
 5.31377E+02-3.29922E+02-1.00000E+20 5.32432E+02-3.27978E+02 1.00000E+20
SURFMOD_2_PUMP_1160K                                                    
*   69 :   76                                                                 
 2.00000E+00 1.00000E+00 1.00000E+00 1.00000E-05
     1     1     0     0     0     1     0     0     0    -3
 5.32432E+02-3.27978E+02-1.00000E+20 5.34029E+02-3.25008E+02 1.00000E+20
SURFMOD_2_PUMP_1160K                                                    
*   70 :   77                                                                 
 2.00000E+00 1.00000E+00 1.00000E+00 1.00000E-05
     1     1     0     0     0     1     0     0     0    -3
 5.34029E+02-3.25008E+02-1.00000E+20 5.34316E+02-3.24466E+02 1.00000E+20
SURFMOD_2_PUMP_1160K                                                    
*   71 :   78                                                                 
 2.00000E+00 1.00000E+00 1.00000E+00 1.00000E-05
     1     1     0     0     0     1     0     0     0    -3
 5.34316E+02-3.24466E+02-1.00000E+20 5.36095E+02-3.21096E+02 1.00000E+20
SURFMOD_2_PUMP_1160K                                                    
*   72 :   79                                                                 
 2.00000E+00 1.00000E+00 1.00000E+00 1.00000E-05
     1     1     0     0     0     1     0     0     0    -3
 5.36095E+02-3.21096E+02-1.00000E+20 5.36665E+02-3.20013E+02 1.00000E+20
SURFMOD_2_PUMP_1160K                                                    
*   73 :   80                                                                 
 2.00000E+00 1.00000E+00 1.00000E+00 1.00000E-05
     1     1     0     0     0     1     0     0     0    -3
 5.36665E+02-3.20013E+02-1.00000E+20 5.37933E+02-3.17564E+02 1.00000E+20
SURFMOD_2_PUMP_1160K                                                    
*   74 :   81                                                                 
 2.00000E+00 1.00000E+00 1.00000E+00 1.00000E-05
     1     1     0     0     0     1     0     0     0    -3
 5.37933E+02-3.17564E+02-1.00000E+20 5.39315E+02-3.14863E+02 1.00000E+20
SURFMOD_2_PUMP_1160K                                                    
*   75 :   82                                                                 
 2.00000E+00 1.00000E+00 1.00000E+00 1.00000E-05
     1     1     0     0     0     1     0     0     0    -3
 5.39315E+02-3.14863E+02-1.00000E+20 5.39733E+02-3.14035E+02 1.00000E+20
SURFMOD_2_PUMP_1160K                                                    
*   76 :   83                                                                 
 2.00000E+00 1.00000E+00 1.00000E+00 1.00000E-05
     1     1     0     0     0     1     0     0     0    -3
 5.39733E+02-3.14035E+02-1.00000E+20 5.41427E+02-3.10654E+02 1.00000E+20
SURFMOD_2_PUMP_1160K                                                    
*   77 :   84                                                                 
 2.00000E+00 1.00000E+00 1.00000E+00 1.00000E-05
     1     1     0     0     0     1     0     0     0    -3
 5.41427E+02-3.10654E+02-1.00000E+20 5.41956E+02-3.09595E+02 1.00000E+20
SURFMOD_2_PUMP_1160K                                                    
*   78 :   85                                                                 
 2.00000E+00 1.00000E+00 1.00000E+00 1.00000E-05
     1     1     0     0     0     1     0     0     0    -3
 5.41956E+02-3.09595E+02-1.00000E+20 5.43173E+02-3.07119E+02 1.00000E+20
SURFMOD_2_PUMP_1160K                                                    
*   79 :   86                                                                 
 2.00000E+00 1.00000E+00 1.00000E+00 1.00000E-05
     1     1     0     0     0     1     0     0     0    -3
 5.43173E+02-3.07119E+02-1.00000E+20 5.44605E+02-3.04168E+02 1.00000E+20
SURFMOD_2_PUMP_1160K                                                    
*   80 :   87                                                                 
 2.00000E+00 1.00000E+00 1.00000E+00 1.00000E-05
     1     1     0     0     0     1     0     0     0    -3
 5.44605E+02-3.04168E+02-1.00000E+20 5.44876E+02-3.03601E+02 1.00000E+20
SURFMOD_2_PUMP_1160K                                                    
*   81 :   88                                                                 
 2.00000E+00 1.00000E+00 1.00000E+00 1.00000E-05
     1     1     0     0     0     1     0     0     0    -3
 5.44876E+02-3.03601E+02-1.00000E+20 5.46490E+02-3.00210E+02 1.00000E+20
SURFMOD_2_PUMP_1160K                                                    
*   82 :   89                                                                 
 2.00000E+00 1.00000E+00 1.00000E+00 1.00000E-05
     1     1     0     0     0     1     0     0     0    -3
 5.46490E+02-3.00210E+02-1.00000E+20 5.47245E+02-2.98615E+02 1.00000E+20
SURFMOD_2_PUMP_1160K                                                    
*   83 :   90                                                                 
 2.00000E+00 1.00000E+00 1.00000E+00 1.00000E-05
     1     1     0     0     0     1     0     0     0    -3
 5.47245E+02-2.98615E+02-1.00000E+20 5.48154E+02-2.96661E+02 1.00000E+20
SURFMOD_2_PUMP_1160K                                                    
*   84 :   91                                                                 
 2.00000E+00 1.00000E+00 1.00000E+00 1.00000E-05
     1     1     0     0     0     1     0     0     0    -3
 5.48154E+02-2.96661E+02-1.00000E+20 5.49887E+02-2.92880E+02 1.00000E+20
SURFMOD_2_PUMP_1160K                                                    
*   85 :   92                                                                 
 2.00000E+00 1.00000E+00 1.00000E+00 1.00000E-05
     1     1     0     0     0     1     0     0     0    -3
 5.49887E+02-2.92880E+02-1.00000E+20 5.51299E+02-2.89756E+02 1.00000E+20
SURFMOD_2_PUMP_1160K                                                    
*   86 :   93                                                                 
 2.00000E+00 1.00000E+00 1.00000E+00 1.00000E-05
     1     1     0     0     0     1     0     0     0    -3
 5.51299E+02-2.89756E+02-1.00000E+20 5.52530E+02-2.86992E+02 1.00000E+20
SURFMOD_2_PUMP_1160K                                                    
*   87 :   94                                                                 
 2.00000E+00 1.00000E+00 1.00000E+00 1.00000E-05
     1     1     0     0     0     1     0     0     0    -3
 5.52530E+02-2.86992E+02-1.00000E+20 5.52865E+02-2.86230E+02 1.00000E+20
SURFMOD_2_PUMP_1160K                                                    
*   88 :   95                                                                 
 2.00000E+00 1.00000E+00 1.00000E+00 1.00000E-05
     1     1     0     0     0     1     0     0     0    -3
 5.52865E+02-2.86230E+02-1.00000E+20 5.54349E+02-2.82824E+02 1.00000E+20
SURFMOD_2_PUMP_1160K                                                    
*   89 :   96                                                                 
 2.00000E+00 1.00000E+00 1.00000E+00 1.00000E-05
     1     1     0     0     0     1     0     0     0    -3
 5.54349E+02-2.82824E+02-1.00000E+20 5.55169E+02-2.80926E+02 1.00000E+20
SURFMOD_2_PUMP_1160K                                                    
*   90 :   97                                                                 
 2.00000E+00 1.00000E+00 1.00000E+00 1.00000E-05
     1     1     0     0     0     1     0     0     0    -3
 5.55169E+02-2.80926E+02-1.00000E+20 5.55867E+02-2.79289E+02 1.00000E+20
SURFMOD_2_PUMP_1160K                                                    
*   91 :   98                                                                 
 2.00000E+00 1.00000E+00 1.00000E+00 1.00000E-05
     1     1     0     0     0     1     0     0     0    -3
 5.55867E+02-2.79289E+02-1.00000E+20 5.57296E+02-2.75883E+02 1.00000E+20
SURFMOD_2_PUMP_1160K                                                    
*   92 :   99                                                                 
 2.00000E+00 1.00000E+00 1.00000E+00 1.00000E-05
     1     1     0     0     0     1     0     0     0    -3
 5.57296E+02-2.75883E+02-1.00000E+20 5.57810E+02-2.74654E+02 1.00000E+20
SURFMOD_2_PUMP_1160K                                                    
*   93 :  100                                                                 
 2.00000E+00 1.00000E+00 1.00000E+00 1.00000E-05
     1     1     0     0     0     1     0     0     0    -3
 5.57810E+02-2.74654E+02-1.00000E+20 5.58758E+02-2.72354E+02 1.00000E+20
SURFMOD_2_PUMP_1160K                                                    
*   94 :  101                                                                 
 2.00000E+00 1.00000E+00 1.00000E+00 1.00000E-05
     1     1     0     0     0     1     0     0     0    -3
 5.58758E+02-2.72354E+02-1.00000E+20 5.60447E+02-2.68179E+02 1.00000E+20
SURFMOD_2_PUMP_1160K                                                    
*   95 :  102                                                                 
 2.00000E+00 1.00000E+00 1.00000E+00 1.00000E-05
     1     1     0     0     0     1     0     0     0    -3
 5.60447E+02-2.68179E+02-1.00000E+20 5.61545E+02-2.65427E+02 1.00000E+20
SURFMOD_2_PUMP_1160K                                                    
*   96 :  103                                                                 
 2.00000E+00 1.00000E+00 1.00000E+00 1.00000E-05
     1     1     0     0     0     1     0     0     0    -3
 5.61545E+02-2.65427E+02-1.00000E+20 5.63081E+02-2.61493E+02 1.00000E+20
SURFMOD_2_PUMP_1160K                                                    
*   97 :  104                                                                 
 2.00000E+00 1.00000E+00 1.00000E+00 1.00000E-05
     1     1     0     0     0     1     0     0     0    -3
 5.63081E+02-2.61493E+02-1.00000E+20 5.64233E+02-2.58505E+02 1.00000E+20
SURFMOD_2_PUMP_1160K                                                    
*   98 :  105                                                                 
 2.00000E+00 1.00000E+00 1.00000E+00 1.00000E-05
     1     1     0     0     0     1     0     0     0    -3
 5.64233E+02-2.58505E+02-1.00000E+20 5.65712E+02-2.54584E+02 1.00000E+20
SURFMOD_2_PUMP_1160K                                                    
*   99 :  106                                                                 
 2.00000E+00 1.00000E+00 1.00000E+00 1.00000E-05
     1     1     0     0     0     1     0     0     0    -3
 5.65712E+02-2.54584E+02-1.00000E+20 5.66829E+02-2.51586E+02 1.00000E+20
SURFMOD_2_PUMP_1160K                                                    
*  100 :  107                                                                 
 2.00000E+00 1.00000E+00 1.00000E+00 1.00000E-05
     1     1     0     0     0     1     0     0     0    -3
 5.66829E+02-2.51586E+02-1.00000E+20 5.68341E+02-2.47436E+02 1.00000E+20
SURFMOD_2_PUMP_1160K                                                    
*  101 :  108                                                                 
 2.00000E+00 1.00000E+00 1.00000E+00 1.00000E-05
     1     1     0     0     0     1     0     0     0    -3
 5.68341E+02-2.47436E+02-1.00000E+20 5.69337E+02-2.44669E+02 1.00000E+20
SURFMOD_2_PUMP_1160K                                                    
*  102 :  109                                                                 
 2.00000E+00 1.00000E+00 1.00000E+00 1.00000E-05
     1     1     0     0     0     1     0     0     0    -3
 5.69337E+02-2.44669E+02-1.00000E+20 5.70538E+02-2.41251E+02 1.00000E+20
SURFMOD_2_PUMP_1160K                                                    
*  103 :  110                                                                 
 2.00000E+00 1.00000E+00 1.00000E+00 1.00000E-05
     1     1     0     0     0     1     0     0     0    -3
 5.70538E+02-2.41251E+02-1.00000E+20 5.70969E+02-2.40025E+02 1.00000E+20
SURFMOD_2_PUMP_1160K                                                    
*  104 :  111                                                                 
 2.00000E+00 1.00000E+00 1.00000E+00 1.00000E-05
     1     1     0     0     0     1     0     0     0    -3
 5.70969E+02-2.40025E+02-1.00000E+20 5.71758E+02-2.37752E+02 1.00000E+20
SURFMOD_2_PUMP_1160K                                                    
*  105 :  112                                                                 
 2.00000E+00 1.00000E+00 1.00000E+00 1.00000E-05
     1     1     0     0     0     1     0     0     0    -3
 5.71758E+02-2.37752E+02-1.00000E+20 5.72922E+02-2.34323E+02 1.00000E+20
SURFMOD_2_PUMP_1160K                                                    
*  106 :  113                                                                 
 2.00000E+00 1.00000E+00 1.00000E+00 1.00000E-05
     1     1     0     0     0     1     0     0     0    -3
 5.72922E+02-2.34323E+02-1.00000E+20 5.73597E+02-2.32321E+02 1.00000E+20
SURFMOD_2_PUMP_1160K                                                    
*  107 :  114                                                                 
 2.00000E+00 1.00000E+00 1.00000E+00 1.00000E-05
     1     1     0     0     0     1     0     0     0    -3
 5.73597E+02-2.32321E+02-1.00000E+20 5.74092E+02-2.30838E+02 1.00000E+20
SURFMOD_2_PUMP_1160K                                                    
*  108 :  115                                                                 
 2.00000E+00 1.00000E+00 1.00000E+00 1.00000E-05
     1     1     0     0     0     1     0     0     0    -3
 5.74092E+02-2.30838E+02-1.00000E+20 5.75222E+02-2.27396E+02 1.00000E+20
SURFMOD_2_PUMP_1160K                                                    
*  109 :  116                                                                 
 2.00000E+00 1.00000E+00 1.00000E+00 1.00000E-05
     1     1     0     0     0     1     0     0     0    -3
 5.75222E+02-2.27396E+02-1.00000E+20 5.76224E+02-2.24294E+02 1.00000E+20
SURFMOD_2_PUMP_1160K                                                    
*  110 :  117                                                                 
 2.00000E+00 1.00000E+00 1.00000E+00 1.00000E-05
     1     1     0     0     0     1     0     0     0    -3
 5.76224E+02-2.24294E+02-1.00000E+20 5.76336E+02-2.23943E+02 1.00000E+20
SURFMOD_2_PUMP_1160K                                                    
*  111 :  118                                                                 
 2.00000E+00 1.00000E+00 1.00000E+00 1.00000E-05
     1     1     0     0     0     1     0     0     0    -3
 5.76336E+02-2.23943E+02-1.00000E+20 5.77430E+02-2.20515E+02 1.00000E+20
SURFMOD_2_PUMP_1160K                                                    
*  112 :  119                                                                 
 2.00000E+00 1.00000E+00 1.00000E+00 1.00000E-05
     1     1     0     0     0     1     0     0     0    -3
 5.77430E+02-2.20515E+02-1.00000E+20 5.78836E+02-2.16003E+02 1.00000E+20
SURFMOD_2_PUMP_1160K                                                    
*  113 :  120                                                                 
 2.00000E+00 1.00000E+00 1.00000E+00 1.00000E-05
     1     1     0     0     0     1     0     0     0    -3
 5.78836E+02-2.16003E+02-1.00000E+20 5.79569E+02-2.13623E+02 1.00000E+20
SURFMOD_2_PUMP_1160K                                                    
*  114 :  121                                                                 
 2.00000E+00 1.00000E+00 1.00000E+00 1.00000E-05
     1     1     0     0     0     1     0     0     0    -3
 5.79569E+02-2.13623E+02-1.00000E+20 5.80605E+02-2.10177E+02 1.00000E+20
SURFMOD_2_PUMP_1160K                                                    
*  115 :  122                                                                 
 2.00000E+00 1.00000E+00 1.00000E+00 1.00000E-05
     1     1     0     0     0     1     0     0     0    -3
 5.80605E+02-2.10177E+02-1.00000E+20 5.81458E+02-2.07310E+02 1.00000E+20
SURFMOD_2_PUMP_1160K                                                    
*  116 :  123                                                                 
 2.00000E+00 1.00000E+00 1.00000E+00 1.00000E-05
     1     1     0     0     0     1     0     0     0    -3
 5.81458E+02-2.07310E+02-1.00000E+20 5.81627E+02-2.06735E+02 1.00000E+20
SURFMOD_2_PUMP_1160K                                                    
*  117 :  124                                                                 
 2.00000E+00 1.00000E+00 1.00000E+00 1.00000E-05
     1     1     0     0     0     1     0     0     0    -3
 5.81627E+02-2.06735E+02-1.00000E+20 5.82632E+02-2.03304E+02 1.00000E+20
SURFMOD_2_PUMP_1160K                                                    
*  118 :  125                                                                 
 2.00000E+00 1.00000E+00 1.00000E+00 1.00000E-05
     1     1     0     0     0     1     0     0     0    -3
 5.82632E+02-2.03304E+02-1.00000E+20 5.83608E+02-1.99887E+02 1.00000E+20
SURFMOD_2_PUMP_1160K                                                    
*  119 :  126                                                                 
 2.00000E+00 1.00000E+00 1.00000E+00 1.00000E-05
     1     1     0     0     0     1     0     0     0    -3
 5.83608E+02-1.99887E+02-1.00000E+20 5.84067E+02-1.98278E+02 1.00000E+20
SURFMOD_2_PUMP_1160K                                                    
*  120 :  127                                                                 
 2.00000E+00 1.00000E+00 1.00000E+00 1.00000E-05
     1     1     0     0     0     1     0     0     0    -3
 5.84067E+02-1.98278E+02-1.00000E+20 5.84590E+02-1.96427E+02 1.00000E+20
SURFMOD_2_PUMP_1160K                                                    
*  121 :  128                                                                 
 2.00000E+00 1.00000E+00 1.00000E+00 1.00000E-05
     1     1     0     0     0     1     0     0     0    -3
 5.84590E+02-1.96427E+02-1.00000E+20 5.85545E+02-1.92976E+02 1.00000E+20
SURFMOD_2_PUMP_1160K                                                    
*  122 :  129                                                                 
 2.00000E+00 1.00000E+00 1.00000E+00 1.00000E-05
     1     1     0     0     0     1     0     0     0    -3
 5.85545E+02-1.92976E+02-1.00000E+20 5.86679E+02-1.88798E+02 1.00000E+20
SURFMOD_2_PUMP_1160K                                                    
*  123 :  130                                                                 
 2.00000E+00 1.00000E+00 1.00000E+00 1.00000E-05
     1     1     0     0     0     1     0     0     0    -3
 5.86679E+02-1.88798E+02-1.00000E+20 5.87397E+02-1.86130E+02 1.00000E+20
SURFMOD_2_PUMP_1160K                                                    
*  124 :  131                                                                 
 2.00000E+00 1.00000E+00 1.00000E+00 1.00000E-05
     1     1     0     0     0     1     0     0     0    -3
 5.87397E+02-1.86130E+02-1.00000E+20 5.88304E+02-1.82671E+02 1.00000E+20
SURFMOD_2_PUMP_1160K                                                    
*  125 :  132                                                                 
 2.00000E+00 1.00000E+00 1.00000E+00 1.00000E-05
     1     1     0     0     0     1     0     0     0    -3
 5.88304E+02-1.82671E+02-1.00000E+20 5.89288E+02-1.78852E+02 1.00000E+20
SURFMOD_2_PUMP_1160K                                                    
*  126 :  133                                                                 
 2.00000E+00 1.00000E+00 1.00000E+00 1.00000E-05
     1     1     0     0     0     1     0     0     0    -3
 5.89288E+02-1.78852E+02-1.00000E+20 5.90059E+02-1.75841E+02 1.00000E+20
SURFMOD_2_PUMP_1160K                                                    
*  127 :  134                                                                 
 2.00000E+00 1.00000E+00 1.00000E+00 1.00000E-05
     1     1     0     0     0     1     0     0     0    -3
 5.90059E+02-1.75841E+02-1.00000E+20 5.90921E+02-1.72378E+02 1.00000E+20
SURFMOD_2_PUMP_1160K                                                    
*  128 :  135                                                                 
 2.00000E+00 1.00000E+00 1.00000E+00 1.00000E-05
     1     1     0     0     0     1     0     0     0    -3
 5.90921E+02-1.72378E+02-1.00000E+20 5.91896E+02-1.68389E+02 1.00000E+20
SURFMOD_2_PUMP_1160K                                                    
*  129 :  136                                                                 
 2.00000E+00 1.00000E+00 1.00000E+00 1.00000E-05
     1     1     0     0     0     1     0     0     0    -3
 5.91896E+02-1.68389E+02-1.00000E+20 5.92585E+02-1.65554E+02 1.00000E+20
SURFMOD_2_PUMP_1160K                                                    
*  130 :  137                                                                 
 2.00000E+00 1.00000E+00 1.00000E+00 1.00000E-05
     1     1     0     0     0     1     0     0     0    -3
 5.92585E+02-1.65554E+02-1.00000E+20 5.93403E+02-1.62090E+02 1.00000E+20
SURFMOD_2_PUMP_1160K                                                    
*  131 :  138                                                                 
 2.00000E+00 1.00000E+00 1.00000E+00 1.00000E-05
     1     1     0     0     0     1     0     0     0    -3
 5.93403E+02-1.62090E+02-1.00000E+20 5.94505E+02-1.57318E+02 1.00000E+20
SURFMOD_2_PUMP_1160K                                                    
*  132 :  139                                                                 
 2.00000E+00 1.00000E+00 1.00000E+00 1.00000E-05
     1     1     0     0     0     1     0     0     0    -3
 5.94505E+02-1.57318E+02-1.00000E+20 5.94976E+02-1.55262E+02 1.00000E+20
SURFMOD_2_PUMP_1160K                                                    
*  133 :  140                                                                 
 2.00000E+00 1.00000E+00 1.00000E+00 1.00000E-05
     1     1     0     0     0     1     0     0     0    -3
 5.94976E+02-1.55262E+02-1.00000E+20 5.95750E+02-1.51803E+02 1.00000E+20
SURFMOD_2_PUMP_1160K                                                    
*  134 :  141                                                                 
 2.00000E+00 1.00000E+00 1.00000E+00 1.00000E-05
     1     1     0     0     0     1     0     0     0    -3
 5.95750E+02-1.51803E+02-1.00000E+20 5.96497E+02-1.48372E+02 1.00000E+20
SURFMOD_2_PUMP_1160K                                                    
*  135 :  142                                                                 
 2.00000E+00 1.00000E+00 1.00000E+00 1.00000E-05
     1     1     0     0     0     1     0     0     0    -3
 5.96497E+02-1.48372E+02-1.00000E+20 5.97116E+02-1.45494E+02 1.00000E+20
SURFMOD_2_PUMP_1160K                                                    
*  136 :  143                                                                 
 2.00000E+00 1.00000E+00 1.00000E+00 1.00000E-05
     1     1     0     0     0     1     0     0     0    -3
 5.97116E+02-1.45494E+02-1.00000E+20 5.97229E+02-1.44969E+02 1.00000E+20
SURFMOD_2_PUMP_1160K                                                    
*  137 :  144                                                                 
 2.00000E+00 1.00000E+00 1.00000E+00 1.00000E-05
     1     1     0     0     0     1     0     0     0    -3
 5.97229E+02-1.44969E+02-1.00000E+20 5.97958E+02-1.41542E+02 1.00000E+20
SURFMOD_2_PUMP_1160K                                                    
*  138 :  145                                                                 
 2.00000E+00 1.00000E+00 1.00000E+00 1.00000E-05
     1     1     0     0     0     1     0     0     0    -3
 5.97958E+02-1.41542E+02-1.00000E+20 5.98671E+02-1.38073E+02 1.00000E+20
SURFMOD_2_PUMP_1160K                                                    
*  139 :  146                                                                 
 2.00000E+00 1.00000E+00 1.00000E+00 1.00000E-05
     1     1     0     0     0     1     0     0     0    -3
 5.98671E+02-1.38073E+02-1.00000E+20 5.99354E+02-1.34673E+02 1.00000E+20
SURFMOD_2_PUMP_1160K                                                    
*  140 :  147                                                                 
 2.00000E+00 1.00000E+00 1.00000E+00 1.00000E-05
     1     1     0     0     0     1     0     0     0    -3
 5.99354E+02-1.34673E+02-1.00000E+20 5.99723E+02-1.32827E+02 1.00000E+20
SURFMOD_2_PUMP_1160K                                                    
*  141 :  148                                                                 
 2.00000E+00 1.00000E+00 1.00000E+00 1.00000E-05
     1     1     0     0     0     1     0     0     0    -3
 5.99723E+02-1.32827E+02-1.00000E+20 6.00035E+02-1.31253E+02 1.00000E+20
SURFMOD_2_PUMP_1160K                                                    
*  142 :  149                                                                 
 2.00000E+00 1.00000E+00 1.00000E+00 1.00000E-05
     1     1     0     0     0     1     0     0     0    -3
 6.00035E+02-1.31253E+02-1.00000E+20 6.00707E+02-1.27800E+02 1.00000E+20
SURFMOD_2_PUMP_1160K                                                    
*  143 :  150                                                                 
 2.00000E+00 1.00000E+00 1.00000E+00 1.00000E-05
     1     1     0     0     0     1     0     0     0    -3
 6.00707E+02-1.27800E+02-1.00000E+20 6.01358E+02-1.24337E+02 1.00000E+20
SURFMOD_2_PUMP_1160K                                                    
*  144 :  151                                                                 
 2.00000E+00 1.00000E+00 1.00000E+00 1.00000E-05
     1     1     0     0     0     1     0     0     0    -3
 6.01358E+02-1.24337E+02-1.00000E+20 6.01980E+02-1.20934E+02 1.00000E+20
SURFMOD_2_PUMP_1160K                                                    
*  145 :  152                                                                 
 2.00000E+00 1.00000E+00 1.00000E+00 1.00000E-05
     1     1     0     0     0     1     0     0     0    -3
 6.01980E+02-1.20934E+02-1.00000E+20 6.02334E+02-1.18991E+02 1.00000E+20
SURFMOD_2_PUMP_1160K                                                    
*  146 :  153                                                                 
 2.00000E+00 1.00000E+00 1.00000E+00 1.00000E-05
     1     1     0     0     0     1     0     0     0    -3
 6.02334E+02-1.18991E+02-1.00000E+20 6.02600E+02-1.17519E+02 1.00000E+20
SURFMOD_2_PUMP_1160K                                                    
*  147 :  154                                                                 
 2.00000E+00 1.00000E+00 1.00000E+00 1.00000E-05
     1     1     0     0     0     1     0     0     0    -3
 6.02600E+02-1.17519E+02-1.00000E+20 6.03212E+02-1.14067E+02 1.00000E+20
SURFMOD_2_PUMP_1160K                                                    
*  148 :  155                                                                 
 2.00000E+00 1.00000E+00 1.00000E+00 1.00000E-05
     1     1     0     0     0     1     0     0     0    -3
 6.03212E+02-1.14067E+02-1.00000E+20 6.03804E+02-1.10592E+02 1.00000E+20
SURFMOD_2_PUMP_1160K                                                    
*  149 :  156                                                                 
 2.00000E+00 1.00000E+00 1.00000E+00 1.00000E-05
     1     1     0     0     0     1     0     0     0    -3
 6.03804E+02-1.10592E+02-1.00000E+20 6.04370E+02-1.07153E+02 1.00000E+20
SURFMOD_2_PUMP_1160K                                                    
*  150 :  157                                                                 
 2.00000E+00 1.00000E+00 1.00000E+00 1.00000E-05
     1     1     0     0     0     1     0     0     0    -3
 6.04370E+02-1.07153E+02-1.00000E+20 6.04948E+02-1.03565E+02 1.00000E+20
SURFMOD_2_PUMP_1160K                                                    
*  151 :  158                                                                 
 2.00000E+00 1.00000E+00 1.00000E+00 1.00000E-05
     1     1     0     0     0     1     0     0     0    -3
 6.04948E+02-1.03565E+02-1.00000E+20 6.05464E+02-1.00345E+02 1.00000E+20
SURFMOD_2_PUMP_1160K                                                    
*  152 :  159                                                                 
 2.00000E+00 1.00000E+00 1.00000E+00 1.00000E-05
     1     1     0     0     0     1     0     0     0    -3
 6.05464E+02-1.00345E+02-1.00000E+20 6.06000E+02-9.68616E+01 1.00000E+20
SURFMOD_2_PUMP_1160K                                                    
*  153 :  160                                                                 
 2.00000E+00 1.00000E+00 1.00000E+00 1.00000E-05
     1     1     0     0     0     1     0     0     0    -3
 6.06000E+02-9.68616E+01-1.00000E+20 6.06511E+02-9.33866E+01 1.00000E+20
SURFMOD_2_PUMP_1160K                                                    
*  154 :  161                                                                 
 2.00000E+00 1.00000E+00 1.00000E+00 1.00000E-05
     1     1     0     0     0     1     0     0     0    -3
 6.06511E+02-9.33866E+01-1.00000E+20 6.06998E+02-8.99435E+01 1.00000E+20
SURFMOD_2_PUMP_1160K                                                    
*  155 :  162                                                                 
 2.00000E+00 1.00000E+00 1.00000E+00 1.00000E-05
     1     1     0     0     0     1     0     0     0    -3
 6.06998E+02-8.99435E+01-1.00000E+20 6.07464E+02-8.65547E+01 1.00000E+20
SURFMOD_2_PUMP_1160K                                                    
*  156 :  163                                                                 
 2.00000E+00 1.00000E+00 1.00000E+00 1.00000E-05
     1     1     0     0     0     1     0     0     0    -3
 6.07464E+02-8.65547E+01-1.00000E+20 6.07567E+02-8.57999E+01 1.00000E+20
SURFMOD_2_PUMP_1160K                                                    
*  157 :  164                                                                 
 2.00000E+00 1.00000E+00 1.00000E+00 1.00000E-05
     1     1     0     0     0     1     0     0     0    -3
 6.07567E+02-8.57999E+01-1.00000E+20 6.07930E+02-8.31270E+01 1.00000E+20
SURFMOD_2_PUMP_1160K                                                    
*  158 :  165                                                                 
 2.00000E+00 1.00000E+00 1.00000E+00 1.00000E-05
     1     1     0     0     0     1     0     0     0    -3
 6.07930E+02-8.31270E+01-1.00000E+20 6.08384E+02-7.96522E+01 1.00000E+20
SURFMOD_2_PUMP_1160K                                                    
*  159 :  166                                                                 
 2.00000E+00 1.00000E+00 1.00000E+00 1.00000E-05
     1     1     0     0     0     1     0     0     0    -3
 6.08384E+02-7.96522E+01-1.00000E+20 6.08815E+02-7.61660E+01 1.00000E+20
SURFMOD_2_PUMP_1160K                                                    
*  160 :  167                                                                 
 2.00000E+00 1.00000E+00 1.00000E+00 1.00000E-05
     1     1     0     0     0     1     0     0     0    -3
 6.08815E+02-7.61660E+01-1.00000E+20 6.09222E+02-7.26932E+01 1.00000E+20
SURFMOD_2_PUMP_1160K                                                    
*  161 :  168                                                                 
 2.00000E+00 1.00000E+00 1.00000E+00 1.00000E-05
     1     1     0     0     0     1     0     0     0    -3
 6.09222E+02-7.26932E+01-1.00000E+20 6.09607E+02-6.92416E+01 1.00000E+20
SURFMOD_2_PUMP_1160K                                                    
*  162 :  169                                                                 
 2.00000E+00 1.00000E+00 1.00000E+00 1.00000E-05
     1     1     0     0     0     1     0     0     0    -3
 6.09607E+02-6.92416E+01-1.00000E+20 6.09972E+02-6.58236E+01 1.00000E+20
SURFMOD_2_PUMP_1160K                                                    
*  163 :  170                                                                 
 2.00000E+00 1.00000E+00 1.00000E+00 1.00000E-05
     1     1     0     0     0     1     0     0     0    -3
 6.09972E+02-6.58236E+01-1.00000E+20 6.10191E+02-6.37308E+01 1.00000E+20
SURFMOD_2_PUMP_1160K                                                    
*  164 :  171                                                                 
 2.00000E+00 1.00000E+00 1.00000E+00 1.00000E-05
     1     1     0     0     0     1     0     0     0    -3
 6.10191E+02-6.37308E+01-1.00000E+20 6.10329E+02-6.24084E+01 1.00000E+20
SURFMOD_2_PUMP_1160K                                                    
*  165 :  172                                                                 
 2.00000E+00 1.00000E+00 1.00000E+00 1.00000E-05
     1     1     0     0     0     1     0     0     0    -3
 6.10329E+02-6.24084E+01-1.00000E+20 6.10676E+02-5.89604E+01 1.00000E+20
SURFMOD_2_PUMP_1160K                                                    
*  166 :  173                                                                 
 2.00000E+00 1.00000E+00 1.00000E+00 1.00000E-05
     1     1     0     0     0     1     0     0     0    -3
 6.10676E+02-5.89604E+01-1.00000E+20 6.11005E+02-5.54756E+01 1.00000E+20
SURFMOD_2_PUMP_1160K                                                    
*  167 :  174                                                                 
 2.00000E+00 1.00000E+00 1.00000E+00 1.00000E-05
     1     1     0     0     0     1     0     0     0    -3
 6.11005E+02-5.54756E+01-1.00000E+20 6.11310E+02-5.19876E+01 1.00000E+20
SURFMOD_2_PUMP_1160K                                                    
*  168 :  175                                                                 
 2.00000E+00 1.00000E+00 1.00000E+00 1.00000E-05
     1     1     0     0     0     1     0     0     0    -3
 6.11310E+02-5.19876E+01-1.00000E+20 6.11592E+02-4.85048E+01 1.00000E+20
SURFMOD_2_PUMP_1160K                                                    
*  169 :  176                                                                 
 2.00000E+00 1.00000E+00 1.00000E+00 1.00000E-05
     1     1     0     0     0     1     0     0     0    -3
 6.11592E+02-4.85048E+01-1.00000E+20 6.11852E+02-4.50290E+01 1.00000E+20
SURFMOD_2_PUMP_1160K                                                    
*  170 :  177                                                                 
 2.00000E+00 1.00000E+00 1.00000E+00 1.00000E-05
     1     1     0     0     0     1     0     0     0    -3
 6.11852E+02-4.50290E+01-1.00000E+20 6.12091E+02-4.15607E+01 1.00000E+20
SURFMOD_2_PUMP_1160K                                                    
*  171 :  178                                                                 
 2.00000E+00 1.00000E+00 1.00000E+00 1.00000E-05
     1     1     0     0     0     1     0     0     0    -3
 6.12091E+02-4.15607E+01-1.00000E+20 6.12310E+02-3.81000E+01 1.00000E+20
SURFMOD_2_PUMP_1160K                                                    
*  172 :  179                                                                 
 2.00000E+00 1.00000E+00 1.00000E+00 1.00000E-05
     1     1     0     0     0     1     0     0     0    -3
 6.12310E+02-3.81000E+01-1.00000E+20 6.12510E+02-3.46479E+01 1.00000E+20
SURFMOD_2_PUMP_1160K                                                    
*  173 :  180                                                                 
 2.00000E+00 1.00000E+00 1.00000E+00 1.00000E-05
     1     1     0     0     0     1     0     0     0    -3
 6.12510E+02-3.46479E+01-1.00000E+20 6.12693E+02-3.12089E+01 1.00000E+20
SURFMOD_2_PUMP_1160K                                                    
*  174 :  181                                                                 
 2.00000E+00 1.00000E+00 1.00000E+00 1.00000E-05
     1     1     0     0     0     1     0     0     0    -3
 6.12693E+02-3.12089E+01-1.00000E+20 6.12824E+02-2.85323E+01 1.00000E+20
SURFMOD_2_PUMP_1160K                                                    
*  175 :  182                                                                 
 2.00000E+00 1.00000E+00 1.00000E+00 1.00000E-05
     1     1     0     0     0     1     0     0     0    -3
 6.12824E+02-2.85323E+01-1.00000E+20 6.12861E+02-2.77806E+01 1.00000E+20
SURFMOD_2_PUMP_1160K                                                    
*  176 :  183                                                                 
 2.00000E+00 1.00000E+00 1.00000E+00 1.00000E-05
     1     1     0     0     0     1     0     0     0    -3
 6.12861E+02-2.77806E+01-1.00000E+20 6.13018E+02-2.43390E+01 1.00000E+20
SURFMOD_2_PUMP_1160K                                                    
*  177 :  184                                                                 
 2.00000E+00 1.00000E+00 1.00000E+00 1.00000E-05
     1     1     0     0     0     1     0     0     0    -3
 6.13018E+02-2.43390E+01-1.00000E+20 6.13156E+02-2.08719E+01 1.00000E+20
SURFMOD_2_PUMP_1160K                                                    
*  178 :  185                                                                 
 2.00000E+00 1.00000E+00 1.00000E+00 1.00000E-05
     1     1     0     0     0     1     0     0     0    -3
 6.13156E+02-2.08719E+01-1.00000E+20 6.13275E+02-1.73963E+01 1.00000E+20
SURFMOD_2_PUMP_1160K                                                    
*  179 :  186                                                                 
 2.00000E+00 1.00000E+00 1.00000E+00 1.00000E-05
     1     1     0     0     0     1     0     0     0    -3
 6.13275E+02-1.73963E+01-1.00000E+20 6.13372E+02-1.39178E+01 1.00000E+20
SURFMOD_2_PUMP_1160K                                                    
*  180 :  187                                                                 
 2.00000E+00 1.00000E+00 1.00000E+00 1.00000E-05
     1     1     0     0     0     1     0     0     0    -3
 6.13372E+02-1.39178E+01-1.00000E+20 6.13448E+02-1.04383E+01 1.00000E+20
SURFMOD_2_PUMP_1160K                                                    
*  181 :  188                                                                 
 2.00000E+00 1.00000E+00 1.00000E+00 1.00000E-05
     1     1     0     0     0     1     0     0     0    -3
 6.13448E+02-1.04383E+01-1.00000E+20 6.13501E+02-6.95877E+00 1.00000E+20
SURFMOD_2_PUMP_1160K                                                    
*  182 :  189                                                                 
 2.00000E+00 1.00000E+00 1.00000E+00 1.00000E-05
     1     1     0     0     0     1     0     0     0    -3
 6.13501E+02-6.95877E+00-1.00000E+20 6.13534E+02-3.47933E+00 1.00000E+20
SURFMOD_2_PUMP_1160K                                                    
*  183 :  190                                                                 
 2.00000E+00 1.00000E+00 1.00000E+00 1.00000E-05
     1     1     0     0     0     1     0     0     0    -3
 6.13534E+02-3.47933E+00-1.00000E+20 6.13545E+02 0.00000E+00 1.00000E+20
SURFMOD_2_PUMP_1160K                                                    
*  184 :  191                                                                 
 2.00000E+00 1.00000E+00 1.00000E+00 1.00000E-05
     1     1     0     0     0     1     0     0     0    -3
 6.13545E+02 0.00000E+00-1.00000E+20 6.13534E+02 3.47933E+00 1.00000E+20
SURFMOD_2_PUMP_1160K                                                    
*  185 :  192                                                                 
 2.00000E+00 1.00000E+00 1.00000E+00 1.00000E-05
     1     1     0     0     0     1     0     0     0    -3
 6.13534E+02 3.47933E+00-1.00000E+20 6.13501E+02 6.95877E+00 1.00000E+20
SURFMOD_2_PUMP_1160K                                                    
*  186 :  193                                                                 
 2.00000E+00 1.00000E+00 1.00000E+00 1.00000E-05
     1     1     0     0     0     1     0     0     0    -3
 6.13501E+02 6.95877E+00-1.00000E+20 6.13448E+02 1.04383E+01 1.00000E+20
SURFMOD_2_PUMP_1160K                                                    
*  187 :  194                                                                 
 2.00000E+00 1.00000E+00 1.00000E+00 1.00000E-05
     1     1     0     0     0     1     0     0     0    -3
 6.13448E+02 1.04383E+01-1.00000E+20 6.13372E+02 1.39178E+01 1.00000E+20
SURFMOD_2_PUMP_1160K                                                    
*  188 :  195                                                                 
 2.00000E+00 1.00000E+00 1.00000E+00 1.00000E-05
     1     1     0     0     0     1     0     0     0    -3
 6.13372E+02 1.39178E+01-1.00000E+20 6.13275E+02 1.73963E+01 1.00000E+20
SURFMOD_2_PUMP_1160K                                                    
*  189 :  196                                                                 
 2.00000E+00 1.00000E+00 1.00000E+00 1.00000E-05
     1     1     0     0     0     1     0     0     0    -3
 6.13275E+02 1.73963E+01-1.00000E+20 6.13156E+02 2.08719E+01 1.00000E+20
SURFMOD_2_PUMP_1160K                                                    
*  190 :  197                                                                 
 2.00000E+00 1.00000E+00 1.00000E+00 1.00000E-05
     1     1     0     0     0     1     0     0     0    -3
 6.13156E+02 2.08719E+01-1.00000E+20 6.13018E+02 2.43390E+01 1.00000E+20
SURFMOD_2_PUMP_1160K                                                    
*  191 :  198                                                                 
 2.00000E+00 1.00000E+00 1.00000E+00 1.00000E-05
     1     1     0     0     0     1     0     0     0    -3
 6.13018E+02 2.43390E+01-1.00000E+20 6.12861E+02 2.77806E+01 1.00000E+20
SURFMOD_2_PUMP_1160K                                                    
*  192 :  199                                                                 
 2.00000E+00 1.00000E+00 1.00000E+00 1.00000E-05
     1     1     0     0     0     1     0     0     0    -3
 6.12861E+02 2.77806E+01-1.00000E+20 6.12824E+02 2.85323E+01 1.00000E+20
SURFMOD_2_PUMP_1160K                                                    
*  193 :  200                                                                 
 2.00000E+00 1.00000E+00 1.00000E+00 1.00000E-05
     1     1     0     0     0     1     0     0     0    -3
 6.12824E+02 2.85323E+01-1.00000E+20 6.12693E+02 3.12089E+01 1.00000E+20
SURFMOD_2_PUMP_1160K                                                    
*  194 :  201                                                                 
 2.00000E+00 1.00000E+00 1.00000E+00 1.00000E-05
     1     1     0     0     0     1     0     0     0    -3
 6.12693E+02 3.12089E+01-1.00000E+20 6.12510E+02 3.46479E+01 1.00000E+20
SURFMOD_2_PUMP_1160K                                                    
*  195 :  202                                                                 
 2.00000E+00 1.00000E+00 1.00000E+00 1.00000E-05
     1     1     0     0     0     1     0     0     0    -3
 6.12510E+02 3.46479E+01-1.00000E+20 6.12310E+02 3.81000E+01 1.00000E+20
SURFMOD_2_PUMP_1160K                                                    
*  196 :  203                                                                 
 2.00000E+00 1.00000E+00 1.00000E+00 1.00000E-05
     1     1     0     0     0     1     0     0     0    -3
 6.12310E+02 3.81000E+01-1.00000E+20 6.12091E+02 4.15607E+01 1.00000E+20
SURFMOD_2_PUMP_1160K                                                    
*  197 :  204                                                                 
 2.00000E+00 1.00000E+00 1.00000E+00 1.00000E-05
     1     1     0     0     0     1     0     0     0    -3
 6.12091E+02 4.15607E+01-1.00000E+20 6.11852E+02 4.50290E+01 1.00000E+20
SURFMOD_2_PUMP_1160K                                                    
*  198 :  205                                                                 
 2.00000E+00 1.00000E+00 1.00000E+00 1.00000E-05
     1     1     0     0     0     1     0     0     0    -3
 6.11852E+02 4.50290E+01-1.00000E+20 6.11592E+02 4.85048E+01 1.00000E+20
SURFMOD_2_PUMP_1160K                                                    
*  199 :  206                                                                 
 2.00000E+00 1.00000E+00 1.00000E+00 1.00000E-05
     1     1     0     0     0     1     0     0     0    -3
 6.11592E+02 4.85048E+01-1.00000E+20 6.11310E+02 5.19876E+01 1.00000E+20
SURFMOD_2_PUMP_1160K                                                    
*  200 :  207                                                                 
 2.00000E+00 1.00000E+00 1.00000E+00 1.00000E-05
     1     1     0     0     0     1     0     0     0    -3
 6.11310E+02 5.19876E+01-1.00000E+20 6.11005E+02 5.54756E+01 1.00000E+20
SURFMOD_2_PUMP_1160K                                                    
*  201 :  208                                                                 
 2.00000E+00 1.00000E+00 1.00000E+00 1.00000E-05
     1     1     0     0     0     1     0     0     0    -3
 6.11005E+02 5.54756E+01-1.00000E+20 6.10676E+02 5.89604E+01 1.00000E+20
SURFMOD_2_PUMP_1160K                                                    
*  202 :  209                                                                 
 2.00000E+00 1.00000E+00 1.00000E+00 1.00000E-05
     1     1     0     0     0     1     0     0     0    -3
 6.10676E+02 5.89604E+01-1.00000E+20 6.10329E+02 6.24084E+01 1.00000E+20
SURFMOD_2_PUMP_1160K                                                    
*  203 :  210                                                                 
 2.00000E+00 1.00000E+00 1.00000E+00 1.00000E-05
     1     1     0     0     0     1     0     0     0    -3
 6.10329E+02 6.24084E+01-1.00000E+20 6.10191E+02 6.37308E+01 1.00000E+20
SURFMOD_2_PUMP_1160K                                                    
*  204 :  211                                                                 
 2.00000E+00 1.00000E+00 1.00000E+00 1.00000E-05
     1     1     0     0     0     1     0     0     0    -3
 6.10191E+02 6.37308E+01-1.00000E+20 6.09972E+02 6.58236E+01 1.00000E+20
SURFMOD_2_PUMP_1160K                                                    
*  205 :  212                                                                 
 2.00000E+00 1.00000E+00 1.00000E+00 1.00000E-05
     1     1     0     0     0     1     0     0     0    -3
 6.09972E+02 6.58236E+01-1.00000E+20 6.09607E+02 6.92416E+01 1.00000E+20
SURFMOD_2_PUMP_1160K                                                    
*  206 :  213                                                                 
 2.00000E+00 1.00000E+00 1.00000E+00 1.00000E-05
     1     1     0     0     0     1     0     0     0    -3
 6.09607E+02 6.92416E+01-1.00000E+20 6.09222E+02 7.26932E+01 1.00000E+20
SURFMOD_2_PUMP_1160K                                                    
*  207 :  214                                                                 
 2.00000E+00 1.00000E+00 1.00000E+00 1.00000E-05
     1     1     0     0     0     1     0     0     0    -3
 6.09222E+02 7.26932E+01-1.00000E+20 6.08815E+02 7.61660E+01 1.00000E+20
SURFMOD_2_PUMP_1160K                                                    
*  208 :  215                                                                 
 2.00000E+00 1.00000E+00 1.00000E+00 1.00000E-05
     1     1     0     0     0     1     0     0     0    -3
 6.08815E+02 7.61660E+01-1.00000E+20 6.08384E+02 7.96522E+01 1.00000E+20
SURFMOD_2_PUMP_1160K                                                    
*  209 :  216                                                                 
 2.00000E+00 1.00000E+00 1.00000E+00 1.00000E-05
     1     1     0     0     0     1     0     0     0    -3
 6.08384E+02 7.96522E+01-1.00000E+20 6.07930E+02 8.31270E+01 1.00000E+20
SURFMOD_2_PUMP_1160K                                                    
*  210 :  217                                                                 
 2.00000E+00 1.00000E+00 1.00000E+00 1.00000E-05
     1     1     0     0     0     1     0     0     0    -3
 6.07930E+02 8.31270E+01-1.00000E+20 6.07567E+02 8.57999E+01 1.00000E+20
SURFMOD_2_PUMP_1160K                                                    
*  211 :  218                                                                 
 2.00000E+00 1.00000E+00 1.00000E+00 1.00000E-05
     1     1     0     0     0     1     0     0     0    -3
 6.07567E+02 8.57999E+01-1.00000E+20 6.07464E+02 8.65547E+01 1.00000E+20
SURFMOD_2_PUMP_1160K                                                    
*  212 :  219                                                                 
 2.00000E+00 1.00000E+00 1.00000E+00 1.00000E-05
     1     1     0     0     0     1     0     0     0    -3
 6.07464E+02 8.65547E+01-1.00000E+20 6.06998E+02 8.99435E+01 1.00000E+20
SURFMOD_2_PUMP_1160K                                                    
*  213 :  220                                                                 
 2.00000E+00 1.00000E+00 1.00000E+00 1.00000E-05
     1     1     0     0     0     1     0     0     0    -3
 6.06998E+02 8.99435E+01-1.00000E+20 6.06511E+02 9.33866E+01 1.00000E+20
SURFMOD_2_PUMP_1160K                                                    
*  214 :  221                                                                 
 2.00000E+00 1.00000E+00 1.00000E+00 1.00000E-05
     1     1     0     0     0     1     0     0     0    -3
 6.06511E+02 9.33866E+01-1.00000E+20 6.06000E+02 9.68616E+01 1.00000E+20
SURFMOD_2_PUMP_1160K                                                    
*  215 :  222                                                                 
 2.00000E+00 1.00000E+00 1.00000E+00 1.00000E-05
     1     1     0     0     0     1     0     0     0    -3
 6.06000E+02 9.68616E+01-1.00000E+20 6.05464E+02 1.00345E+02 1.00000E+20
SURFMOD_2_PUMP_1160K                                                    
*  216 :  223                                                                 
 2.00000E+00 1.00000E+00 1.00000E+00 1.00000E-05
     1     1     0     0     0     1     0     0     0    -3
 6.05464E+02 1.00345E+02-1.00000E+20 6.04948E+02 1.03565E+02 1.00000E+20
SURFMOD_2_PUMP_1160K                                                    
*  217 :  224                                                                 
 2.00000E+00 1.00000E+00 1.00000E+00 1.00000E-05
     1     1     0     0     0     1     0     0     0    -3
 6.04948E+02 1.03565E+02-1.00000E+20 6.04370E+02 1.07153E+02 1.00000E+20
SURFMOD_2_PUMP_1160K                                                    
*  218 :  225                                                                 
 2.00000E+00 1.00000E+00 1.00000E+00 1.00000E-05
     1     1     0     0     0     1     0     0     0    -3
 6.04370E+02 1.07153E+02-1.00000E+20 6.03804E+02 1.10592E+02 1.00000E+20
SURFMOD_2_PUMP_1160K                                                    
*  219 :  226                                                                 
 2.00000E+00 1.00000E+00 1.00000E+00 1.00000E-05
     1     1     0     0     0     1     0     0     0    -3
 6.03804E+02 1.10592E+02-1.00000E+20 6.03212E+02 1.14067E+02 1.00000E+20
SURFMOD_2_PUMP_1160K                                                    
*  220 :  227                                                                 
 2.00000E+00 1.00000E+00 1.00000E+00 1.00000E-05
     1     1     0     0     0     1     0     0     0    -3
 6.03212E+02 1.14067E+02-1.00000E+20 6.02600E+02 1.17519E+02 1.00000E+20
SURFMOD_2_PUMP_1160K                                                    
*  221 :  228                                                                 
 2.00000E+00 1.00000E+00 1.00000E+00 1.00000E-05
     1     1     0     0     0     1     0     0     0    -3
 6.02600E+02 1.17519E+02-1.00000E+20 6.02334E+02 1.18991E+02 1.00000E+20
SURFMOD_2_PUMP_1160K                                                    
*  222 :  229                                                                 
 2.00000E+00 1.00000E+00 1.00000E+00 1.00000E-05
     1     1     0     0     0     1     0     0     0    -3
 6.02334E+02 1.18991E+02-1.00000E+20 6.01980E+02 1.20934E+02 1.00000E+20
SURFMOD_2_PUMP_1160K                                                    
*  223 :  230                                                                 
 2.00000E+00 1.00000E+00 1.00000E+00 1.00000E-05
     1     1     0     0     0     1     0     0     0    -3
 6.01980E+02 1.20934E+02-1.00000E+20 6.01358E+02 1.24337E+02 1.00000E+20
SURFMOD_2_PUMP_1160K                                                    
*  224 :  231                                                                 
 2.00000E+00 1.00000E+00 1.00000E+00 1.00000E-05
     1     1     0     0     0     1     0     0     0    -3
 6.01358E+02 1.24337E+02-1.00000E+20 6.00707E+02 1.27800E+02 1.00000E+20
SURFMOD_2_PUMP_1160K                                                    
*  225 :  232                                                                 
 2.00000E+00 1.00000E+00 1.00000E+00 1.00000E-05
     1     1     0     0     0     1     0     0     0    -3
 6.00707E+02 1.27800E+02-1.00000E+20 6.00035E+02 1.31253E+02 1.00000E+20
SURFMOD_2_PUMP_1160K                                                    
*  226 :  233                                                                 
 2.00000E+00 1.00000E+00 1.00000E+00 1.00000E-05
     1     1     0     0     0     1     0     0     0    -3
 6.00035E+02 1.31253E+02-1.00000E+20 5.99723E+02 1.32827E+02 1.00000E+20
SURFMOD_2_PUMP_1160K                                                    
*  227 :  234                                                                 
 2.00000E+00 1.00000E+00 1.00000E+00 1.00000E-05
     1     1     0     0     0     1     0     0     0    -3
 5.99723E+02 1.32827E+02-1.00000E+20 5.99354E+02 1.34673E+02 1.00000E+20
SURFMOD_2_PUMP_1160K                                                    
*  228 :  235                                                                 
 2.00000E+00 1.00000E+00 1.00000E+00 1.00000E-05
     1     1     0     0     0     1     0     0     0    -3
 5.99354E+02 1.34673E+02-1.00000E+20 5.98671E+02 1.38073E+02 1.00000E+20
SURFMOD_2_PUMP_1160K                                                    
*  229 :  236                                                                 
 2.00000E+00 1.00000E+00 1.00000E+00 1.00000E-05
     1     1     0     0     0     1     0     0     0    -3
 5.98671E+02 1.38073E+02-1.00000E+20 5.97958E+02 1.41542E+02 1.00000E+20
SURFMOD_2_PUMP_1160K                                                    
*  230 :  237                                                                 
 2.00000E+00 1.00000E+00 1.00000E+00 1.00000E-05
     1     1     0     0     0     1     0     0     0    -3
 5.97958E+02 1.41542E+02-1.00000E+20 5.97229E+02 1.44969E+02 1.00000E+20
SURFMOD_2_PUMP_1160K                                                    
*  231 :  238                                                                 
 2.00000E+00 1.00000E+00 1.00000E+00 1.00000E-05
     1     1     0     0     0     1     0     0     0    -3
 5.97229E+02 1.44969E+02-1.00000E+20 5.97116E+02 1.45494E+02 1.00000E+20
SURFMOD_2_PUMP_1160K                                                    
*  232 :  239                                                                 
 2.00000E+00 1.00000E+00 1.00000E+00 1.00000E-05
     1     1     0     0     0     1     0     0     0    -3
 5.97116E+02 1.45494E+02-1.00000E+20 5.96497E+02 1.48372E+02 1.00000E+20
SURFMOD_2_PUMP_1160K                                                    
*  233 :  240                                                                 
 2.00000E+00 1.00000E+00 1.00000E+00 1.00000E-05
     1     1     0     0     0     1     0     0     0    -3
 5.96497E+02 1.48372E+02-1.00000E+20 5.95750E+02 1.51803E+02 1.00000E+20
SURFMOD_2_PUMP_1160K                                                    
*  234 :  241                                                                 
 2.00000E+00 1.00000E+00 1.00000E+00 1.00000E-05
     1     1     0     0     0     1     0     0     0    -3
 5.95750E+02 1.51803E+02-1.00000E+20 5.94976E+02 1.55262E+02 1.00000E+20
SURFMOD_2_PUMP_1160K                                                    
*  235 :  242                                                                 
 2.00000E+00 1.00000E+00 1.00000E+00 1.00000E-05
     1     1     0     0     0     1     0     0     0    -3
 5.94976E+02 1.55262E+02-1.00000E+20 5.94505E+02 1.57318E+02 1.00000E+20
SURFMOD_2_PUMP_1160K                                                    
*  236 :  243                                                                 
 2.00000E+00 1.00000E+00 1.00000E+00 1.00000E-05
     1     1     0     0     0     1     0     0     0    -3
 5.94505E+02 1.57318E+02-1.00000E+20 5.93403E+02 1.62090E+02 1.00000E+20
SURFMOD_2_PUMP_1160K                                                    
*  237 :  244                                                                 
 2.00000E+00 1.00000E+00 1.00000E+00 1.00000E-05
     1     1     0     0     0     1     0     0     0    -3
 5.93403E+02 1.62090E+02-1.00000E+20 5.92585E+02 1.65554E+02 1.00000E+20
SURFMOD_2_PUMP_1160K                                                    
*  238 :  245                                                                 
 2.00000E+00 1.00000E+00 1.00000E+00 1.00000E-05
     1     1     0     0     0     1     0     0     0    -3
 5.92585E+02 1.65554E+02-1.00000E+20 5.91896E+02 1.68389E+02 1.00000E+20
SURFMOD_2_PUMP_1160K                                                    
*  239 :  246                                                                 
 2.00000E+00 1.00000E+00 1.00000E+00 1.00000E-05
     1     1     0     0     0     1     0     0     0    -3
 5.91896E+02 1.68389E+02-1.00000E+20 5.90921E+02 1.72378E+02 1.00000E+20
SURFMOD_2_PUMP_1160K                                                    
*  240 :  247                                                                 
 2.00000E+00 1.00000E+00 1.00000E+00 1.00000E-05
     1     1     0     0     0     1     0     0     0    -3
 5.90921E+02 1.72378E+02-1.00000E+20 5.90059E+02 1.75841E+02 1.00000E+20
SURFMOD_2_PUMP_1160K                                                    
*  241 :  248                                                                 
 2.00000E+00 1.00000E+00 1.00000E+00 1.00000E-05
     1     1     0     0     0     1     0     0     0    -3
 5.90059E+02 1.75841E+02-1.00000E+20 5.89288E+02 1.78852E+02 1.00000E+20
SURFMOD_2_PUMP_1160K                                                    
*  242 :  249                                                                 
 2.00000E+00 1.00000E+00 1.00000E+00 1.00000E-05
     1     1     0     0     0     1     0     0     0    -3
 5.89288E+02 1.78852E+02-1.00000E+20 5.88304E+02 1.82671E+02 1.00000E+20
SURFMOD_2_PUMP_1160K                                                    
*  243 :  250                                                                 
 2.00000E+00 1.00000E+00 1.00000E+00 1.00000E-05
     1     1     0     0     0     1     0     0     0    -3
 5.88304E+02 1.82671E+02-1.00000E+20 5.87397E+02 1.86130E+02 1.00000E+20
SURFMOD_2_PUMP_1160K                                                    
*  244 :  251                                                                 
 2.00000E+00 1.00000E+00 1.00000E+00 1.00000E-05
     1     1     0     0     0     1     0     0     0    -3
 5.87397E+02 1.86130E+02-1.00000E+20 5.86679E+02 1.88798E+02 1.00000E+20
SURFMOD_2_PUMP_1160K                                                    
*  245 :  252                                                                 
 2.00000E+00 1.00000E+00 1.00000E+00 1.00000E-05
     1     1     0     0     0     1     0     0     0    -3
 5.86679E+02 1.88798E+02-1.00000E+20 5.85545E+02 1.92976E+02 1.00000E+20
SURFMOD_2_PUMP_1160K                                                    
*  246 :  253                                                                 
 2.00000E+00 1.00000E+00 1.00000E+00 1.00000E-05
     1     1     0     0     0     1     0     0     0    -3
 5.85545E+02 1.92976E+02-1.00000E+20 5.84590E+02 1.96427E+02 1.00000E+20
SURFMOD_2_PUMP_1160K                                                    
*  247 :  254                                                                 
 2.00000E+00 1.00000E+00 1.00000E+00 1.00000E-05
     1     1     0     0     0     1     0     0     0    -3
 5.84590E+02 1.96427E+02-1.00000E+20 5.84067E+02 1.98278E+02 1.00000E+20
SURFMOD_2_PUMP_1160K                                                    
*  248 :  255                                                                 
 2.00000E+00 1.00000E+00 1.00000E+00 1.00000E-05
     1     1     0     0     0     1     0     0     0    -3
 5.84067E+02 1.98278E+02-1.00000E+20 5.83608E+02 1.99887E+02 1.00000E+20
SURFMOD_2_PUMP_1160K                                                    
*  249 :  256                                                                 
 2.00000E+00 1.00000E+00 1.00000E+00 1.00000E-05
     1     1     0     0     0     1     0     0     0    -3
 5.83608E+02 1.99887E+02-1.00000E+20 5.82632E+02 2.03304E+02 1.00000E+20
SURFMOD_2_PUMP_1160K                                                    
*  250 :  257                                                                 
 2.00000E+00 1.00000E+00 1.00000E+00 1.00000E-05
     1     1     0     0     0     1     0     0     0    -3
 5.82632E+02 2.03304E+02-1.00000E+20 5.81627E+02 2.06735E+02 1.00000E+20
SURFMOD_2_PUMP_1160K                                                    
*  251 :  258                                                                 
 2.00000E+00 1.00000E+00 1.00000E+00 1.00000E-05
     1     1     0     0     0     1     0     0     0    -3
 5.81627E+02 2.06735E+02-1.00000E+20 5.81458E+02 2.07310E+02 1.00000E+20
SURFMOD_2_PUMP_1160K                                                    
*  252 :  259                                                                 
 2.00000E+00 1.00000E+00 1.00000E+00 1.00000E-05
     1     1     0     0     0     1     0     0     0    -3
 5.81458E+02 2.07310E+02-1.00000E+20 5.80605E+02 2.10177E+02 1.00000E+20
SURFMOD_2_PUMP_1160K                                                    
*  253 :  260                                                                 
 2.00000E+00 1.00000E+00 1.00000E+00 1.00000E-05
     1     1     0     0     0     1     0     0     0    -3
 5.80605E+02 2.10177E+02-1.00000E+20 5.79569E+02 2.13623E+02 1.00000E+20
SURFMOD_2_PUMP_1160K                                                    
*  254 :  261                                                                 
 2.00000E+00 1.00000E+00 1.00000E+00 1.00000E-05
     1     1     0     0     0     1     0     0     0    -3
 5.79569E+02 2.13623E+02-1.00000E+20 5.78836E+02 2.16003E+02 1.00000E+20
SURFMOD_2_PUMP_1160K                                                    
*  255 :  262                                                                 
 2.00000E+00 1.00000E+00 1.00000E+00 1.00000E-05
     1     1     0     0     0     1     0     0     0    -3
 5.78836E+02 2.16003E+02-1.00000E+20 5.77430E+02 2.20515E+02 1.00000E+20
SURFMOD_2_PUMP_1160K                                                    
*  256 :  263                                                                 
 2.00000E+00 1.00000E+00 1.00000E+00 1.00000E-05
     1     1     0     0     0     1     0     0     0    -3
 5.77430E+02 2.20515E+02-1.00000E+20 5.76336E+02 2.23943E+02 1.00000E+20
SURFMOD_2_PUMP_1160K                                                    
*  257 :  264                                                                 
 2.00000E+00 1.00000E+00 1.00000E+00 1.00000E-05
     1     1     0     0     0     1     0     0     0    -3
 5.76336E+02 2.23943E+02-1.00000E+20 5.76224E+02 2.24294E+02 1.00000E+20
SURFMOD_2_PUMP_1160K                                                    
*  258 :  265                                                                 
 2.00000E+00 1.00000E+00 1.00000E+00 1.00000E-05
     1     1     0     0     0     1     0     0     0    -3
 5.76224E+02 2.24294E+02-1.00000E+20 5.75222E+02 2.27396E+02 1.00000E+20
SURFMOD_2_PUMP_1160K                                                    
*  259 :  266                                                                 
 2.00000E+00 1.00000E+00 1.00000E+00 1.00000E-05
     1     1     0     0     0     1     0     0     0    -3
 5.75222E+02 2.27396E+02-1.00000E+20 5.74092E+02 2.30838E+02 1.00000E+20
SURFMOD_2_PUMP_1160K                                                    
*  260 :  267                                                                 
 2.00000E+00 1.00000E+00 1.00000E+00 1.00000E-05
     1     1     0     0     0     1     0     0     0    -3
 5.74092E+02 2.30838E+02-1.00000E+20 5.73597E+02 2.32321E+02 1.00000E+20
SURFMOD_2_PUMP_1160K                                                    
*  261 :  268                                                                 
 2.00000E+00 1.00000E+00 1.00000E+00 1.00000E-05
     1     1     0     0     0     1     0     0     0    -3
 5.73597E+02 2.32321E+02-1.00000E+20 5.72922E+02 2.34323E+02 1.00000E+20
SURFMOD_2_PUMP_1160K                                                    
*  262 :  269                                                                 
 2.00000E+00 1.00000E+00 1.00000E+00 1.00000E-05
     1     1     0     0     0     1     0     0     0    -3
 5.72922E+02 2.34323E+02-1.00000E+20 5.71758E+02 2.37752E+02 1.00000E+20
SURFMOD_2_PUMP_1160K                                                    
*  263 :  270                                                                 
 2.00000E+00 1.00000E+00 1.00000E+00 1.00000E-05
     1     1     0     0     0     1     0     0     0    -3
 5.71758E+02 2.37752E+02-1.00000E+20 5.70969E+02 2.40025E+02 1.00000E+20
SURFMOD_2_PUMP_1160K                                                    
*  264 :  271                                                                 
 2.00000E+00 1.00000E+00 1.00000E+00 1.00000E-05
     1     1     0     0     0     1     0     0     0    -3
 5.70969E+02 2.40025E+02-1.00000E+20 5.70538E+02 2.41251E+02 1.00000E+20
SURFMOD_2_PUMP_1160K                                                    
*  265 :  272                                                                 
 2.00000E+00 1.00000E+00 1.00000E+00 1.00000E-05
     1     1     0     0     0     1     0     0     0    -3
 5.70538E+02 2.41251E+02-1.00000E+20 5.69337E+02 2.44669E+02 1.00000E+20
SURFMOD_2_PUMP_1160K                                                    
*  266 :  273                                                                 
 2.00000E+00 1.00000E+00 1.00000E+00 1.00000E-05
     1     1     0     0     0     1     0     0     0    -3
 5.69337E+02 2.44669E+02-1.00000E+20 5.68341E+02 2.47436E+02 1.00000E+20
SURFMOD_2_PUMP_1160K                                                    
*  267 :  274                                                                 
 2.00000E+00 1.00000E+00 1.00000E+00 1.00000E-05
     1     1     0     0     0     1     0     0     0    -3
 5.68341E+02 2.47436E+02-1.00000E+20 5.66829E+02 2.51586E+02 1.00000E+20
SURFMOD_2_PUMP_1160K                                                    
*  268 :  275                                                                 
 2.00000E+00 1.00000E+00 1.00000E+00 1.00000E-05
     1     1     0     0     0     1     0     0     0    -3
 5.66829E+02 2.51586E+02-1.00000E+20 5.65712E+02 2.54584E+02 1.00000E+20
SURFMOD_2_PUMP_1160K                                                    
*  269 :  276                                                                 
 2.00000E+00 1.00000E+00 1.00000E+00 1.00000E-05
     1     1     0     0     0     1     0     0     0    -3
 5.65712E+02 2.54584E+02-1.00000E+20 5.64233E+02 2.58505E+02 1.00000E+20
SURFMOD_2_PUMP_1160K                                                    
*  270 :  277                                                                 
 2.00000E+00 1.00000E+00 1.00000E+00 1.00000E-05
     1     1     0     0     0     1     0     0     0    -3
 5.64233E+02 2.58505E+02-1.00000E+20 5.63081E+02 2.61493E+02 1.00000E+20
SURFMOD_2_PUMP_1160K                                                    
*  271 :  278                                                                 
 2.00000E+00 1.00000E+00 1.00000E+00 1.00000E-05
     1     1     0     0     0     1     0     0     0    -3
 5.63081E+02 2.61493E+02-1.00000E+20 5.61545E+02 2.65427E+02 1.00000E+20
SURFMOD_2_PUMP_1160K                                                    
*  272 :  279                                                                 
 2.00000E+00 1.00000E+00 1.00000E+00 1.00000E-05
     1     1     0     0     0     1     0     0     0    -3
 5.61545E+02 2.65427E+02-1.00000E+20 5.60447E+02 2.68179E+02 1.00000E+20
SURFMOD_2_PUMP_1160K                                                    
*  273 :  280                                                                 
 2.00000E+00 1.00000E+00 1.00000E+00 1.00000E-05
     1     1     0     0     0     1     0     0     0    -3
 5.60447E+02 2.68179E+02-1.00000E+20 5.58758E+02 2.72354E+02 1.00000E+20
SURFMOD_2_PUMP_1160K                                                    
*  274 :  281                                                                 
 2.00000E+00 1.00000E+00 1.00000E+00 1.00000E-05
     1     1     0     0     0     1     0     0     0    -3
 5.58758E+02 2.72354E+02-1.00000E+20 5.57810E+02 2.74654E+02 1.00000E+20
SURFMOD_2_PUMP_1160K                                                    
*  275 :  282                                                                 
 2.00000E+00 1.00000E+00 1.00000E+00 1.00000E-05
     1     1     0     0     0     1     0     0     0    -3
 5.57810E+02 2.74654E+02-1.00000E+20 5.57296E+02 2.75883E+02 1.00000E+20
SURFMOD_2_PUMP_1160K                                                    
*  276 :  283                                                                 
 2.00000E+00 1.00000E+00 1.00000E+00 1.00000E-05
     1     1     0     0     0     1     0     0     0    -3
 5.57296E+02 2.75883E+02-1.00000E+20 5.55867E+02 2.79289E+02 1.00000E+20
SURFMOD_2_PUMP_1160K                                                    
*  277 :  284                                                                 
 2.00000E+00 1.00000E+00 1.00000E+00 1.00000E-05
     1     1     0     0     0     1     0     0     0    -3
 5.55867E+02 2.79289E+02-1.00000E+20 5.55169E+02 2.80926E+02 1.00000E+20
SURFMOD_2_PUMP_1160K                                                    
*  278 :  285                                                                 
 2.00000E+00 1.00000E+00 1.00000E+00 1.00000E-05
     1     1     0     0     0     1     0     0     0    -3
 5.55169E+02 2.80926E+02-1.00000E+20 5.54349E+02 2.82824E+02 1.00000E+20
SURFMOD_2_PUMP_1160K                                                    
*  279 :  286                                                                 
 2.00000E+00 1.00000E+00 1.00000E+00 1.00000E-05
     1     1     0     0     0     1     0     0     0    -3
 5.54349E+02 2.82824E+02-1.00000E+20 5.52865E+02 2.86230E+02 1.00000E+20
SURFMOD_2_PUMP_1160K                                                    
*  280 :  287                                                                 
 2.00000E+00 1.00000E+00 1.00000E+00 1.00000E-05
     1     1     0     0     0     1     0     0     0    -3
 5.52865E+02 2.86230E+02-1.00000E+20 5.52530E+02 2.86992E+02 1.00000E+20
SURFMOD_2_PUMP_1160K                                                    
*  281 :  288                                                                 
 2.00000E+00 1.00000E+00 1.00000E+00 1.00000E-05
     1     1     0     0     0     1     0     0     0    -3
 5.52530E+02 2.86992E+02-1.00000E+20 5.51299E+02 2.89756E+02 1.00000E+20
SURFMOD_2_PUMP_1160K                                                    
*  282 :  289                                                                 
 2.00000E+00 1.00000E+00 1.00000E+00 1.00000E-05
     1     1     0     0     0     1     0     0     0    -3
 5.51299E+02 2.89756E+02-1.00000E+20 5.49887E+02 2.92880E+02 1.00000E+20
SURFMOD_2_PUMP_1160K                                                    
*  283 :  290                                                                 
 2.00000E+00 1.00000E+00 1.00000E+00 1.00000E-05
     1     1     0     0     0     1     0     0     0    -3
 5.49887E+02 2.92880E+02-1.00000E+20 5.48154E+02 2.96661E+02 1.00000E+20
SURFMOD_2_PUMP_1160K                                                    
*  284 :  291                                                                 
 2.00000E+00 1.00000E+00 1.00000E+00 1.00000E-05
     1     1     0     0     0     1     0     0     0    -3
 5.48154E+02 2.96661E+02-1.00000E+20 5.47245E+02 2.98615E+02 1.00000E+20
SURFMOD_2_PUMP_1160K                                                    
*  285 :  292                                                                 
 2.00000E+00 1.00000E+00 1.00000E+00 1.00000E-05
     1     1     0     0     0     1     0     0     0    -3
 5.47245E+02 2.98615E+02-1.00000E+20 5.46490E+02 3.00210E+02 1.00000E+20
SURFMOD_2_PUMP_1160K                                                    
*  286 :  293                                                                 
 2.00000E+00 1.00000E+00 1.00000E+00 1.00000E-05
     1     1     0     0     0     1     0     0     0    -3
 5.46490E+02 3.00210E+02-1.00000E+20 5.44876E+02 3.03601E+02 1.00000E+20
SURFMOD_2_PUMP_1160K                                                    
*  287 :  294                                                                 
 2.00000E+00 1.00000E+00 1.00000E+00 1.00000E-05
     1     1     0     0     0     1     0     0     0    -3
 5.44876E+02 3.03601E+02-1.00000E+20 5.44605E+02 3.04168E+02 1.00000E+20
SURFMOD_2_PUMP_1160K                                                    
*  288 :  295                                                                 
 2.00000E+00 1.00000E+00 1.00000E+00 1.00000E-05
     1     1     0     0     0     1     0     0     0    -3
 5.44605E+02 3.04168E+02-1.00000E+20 5.43173E+02 3.07119E+02 1.00000E+20
SURFMOD_2_PUMP_1160K                                                    
*  289 :  296                                                                 
 2.00000E+00 1.00000E+00 1.00000E+00 1.00000E-05
     1     1     0     0     0     1     0     0     0    -3
 5.43173E+02 3.07119E+02-1.00000E+20 5.41956E+02 3.09595E+02 1.00000E+20
SURFMOD_2_PUMP_1160K                                                    
*  290 :  297                                                                 
 2.00000E+00 1.00000E+00 1.00000E+00 1.00000E-05
     1     1     0     0     0     1     0     0     0    -3
 5.41956E+02 3.09595E+02-1.00000E+20 5.41427E+02 3.10654E+02 1.00000E+20
SURFMOD_2_PUMP_1160K                                                    
*  291 :  298                                                                 
 2.00000E+00 1.00000E+00 1.00000E+00 1.00000E-05
     1     1     0     0     0     1     0     0     0    -3
 5.41427E+02 3.10654E+02-1.00000E+20 5.39733E+02 3.14035E+02 1.00000E+20
SURFMOD_2_PUMP_1160K                                                    
*  292 :  299                                                                 
 2.00000E+00 1.00000E+00 1.00000E+00 1.00000E-05
     1     1     0     0     0     1     0     0     0    -3
 5.39733E+02 3.14035E+02-1.00000E+20 5.39315E+02 3.14863E+02 1.00000E+20
SURFMOD_2_PUMP_1160K                                                    
*  293 :  300                                                                 
 2.00000E+00 1.00000E+00 1.00000E+00 1.00000E-05
     1     1     0     0     0     1     0     0     0    -3
 5.39315E+02 3.14863E+02-1.00000E+20 5.37933E+02 3.17564E+02 1.00000E+20
SURFMOD_2_PUMP_1160K                                                    
*  294 :  301                                                                 
 2.00000E+00 1.00000E+00 1.00000E+00 1.00000E-05
     1     1     0     0     0     1     0     0     0    -3
 5.37933E+02 3.17564E+02-1.00000E+20 5.36665E+02 3.20013E+02 1.00000E+20
SURFMOD_2_PUMP_1160K                                                    
*  295 :  302                                                                 
 2.00000E+00 1.00000E+00 1.00000E+00 1.00000E-05
     1     1     0     0     0     1     0     0     0    -3
 5.36665E+02 3.20013E+02-1.00000E+20 5.36095E+02 3.21096E+02 1.00000E+20
SURFMOD_2_PUMP_1160K                                                    
*  296 :  303                                                                 
 2.00000E+00 1.00000E+00 1.00000E+00 1.00000E-05
     1     1     0     0     0     1     0     0     0    -3
 5.36095E+02 3.21096E+02-1.00000E+20 5.34316E+02 3.24466E+02 1.00000E+20
SURFMOD_2_PUMP_1160K                                                    
*  297 :  304                                                                 
 2.00000E+00 1.00000E+00 1.00000E+00 1.00000E-05
     1     1     0     0     0     1     0     0     0    -3
 5.34316E+02 3.24466E+02-1.00000E+20 5.34029E+02 3.25008E+02 1.00000E+20
SURFMOD_2_PUMP_1160K                                                    
*  298 :  305                                                                 
 2.00000E+00 1.00000E+00 1.00000E+00 1.00000E-05
     1     1     0     0     0     1     0     0     0    -3
 5.34029E+02 3.25008E+02-1.00000E+20 5.32432E+02 3.27978E+02 1.00000E+20
SURFMOD_2_PUMP_1160K                                                    
*  299 :  306                                                                 
 2.00000E+00 1.00000E+00 1.00000E+00 1.00000E-05
     1     1     0     0     0     1     0     0     0    -3
 5.32432E+02 3.27978E+02-1.00000E+20 5.31377E+02 3.29922E+02 1.00000E+20
SURFMOD_2_PUMP_1160K                                                    
*  300 :  307                                                                 
 2.00000E+00 1.00000E+00 1.00000E+00 1.00000E-05
     1     1     0     0     0     1     0     0     0    -3
 5.31377E+02 3.29922E+02-1.00000E+20 5.30495E+02 3.31521E+02 1.00000E+20
SURFMOD_2_PUMP_1160K                                                    
*  301 :  308                                                                 
 2.00000E+00 1.00000E+00 1.00000E+00 1.00000E-05
     1     1     0     0     0     1     0     0     0    -3
 5.30495E+02 3.31521E+02-1.00000E+20 5.28733E+02 3.34694E+02 1.00000E+20
SURFMOD_2_PUMP_1160K                                                    
*  302 :  309                                                                 
 2.00000E+00 1.00000E+00 1.00000E+00 1.00000E-05
     1     1     0     0     0     1     0     0     0    -3
 5.28733E+02 3.34694E+02-1.00000E+20 5.26664E+02 3.38370E+02 1.00000E+20
SURFMOD_2_PUMP_1160K                                                    
*  303 :  310                                                                 
 2.00000E+00 1.00000E+00 1.00000E+00 1.00000E-05
     1     1     0     0     0     1     0     0     0    -3
 5.26664E+02 3.38370E+02-1.00000E+20 5.26101E+02 3.39363E+02 1.00000E+20
SURFMOD_2_PUMP_1160K                                                    
*  304 :  311                                                                 
 2.00000E+00 1.00000E+00 1.00000E+00 1.00000E-05
     1     1     0     0     0     1     0     0     0    -3
 5.26101E+02 3.39363E+02-1.00000E+20 5.24644E+02 3.41895E+02 1.00000E+20
SURFMOD_2_PUMP_1160K                                                    
*  305 :  312                                                                 
 2.00000E+00 1.00000E+00 1.00000E+00 1.00000E-05
     1     1     0     0     0     1     0     0     0    -3
 5.24644E+02 3.41895E+02-1.00000E+20 5.23451E+02 3.43954E+02 1.00000E+20
SURFMOD_2_PUMP_1160K                                                    
*  306 :  313                                                                 
 2.00000E+00 1.00000E+00 1.00000E+00 1.00000E-05
     1     1     0     0     0     1     0     0     0    -3
 5.23451E+02 3.43954E+02-1.00000E+20 5.22587E+02 3.45421E+02 1.00000E+20
SURFMOD_2_PUMP_1160K                                                    
*  307 :  314                                                                 
 2.00000E+00 1.00000E+00 1.00000E+00 1.00000E-05
     1     1     0     0     0     1     0     0     0    -3
 5.22587E+02 3.45421E+02-1.00000E+20 5.20808E+02 3.48429E+02 1.00000E+20
SURFMOD_2_PUMP_1160K                                                    
*  308 :  315                                                                 
 2.00000E+00 1.00000E+00 1.00000E+00 1.00000E-05
     1     1     0     0     0     1     0     0     0    -3
 5.20808E+02 3.48429E+02-1.00000E+20 5.18513E+02 3.52251E+02 1.00000E+20
SURFMOD_2_PUMP_1160K                                                    
*  309 :  316                                                                 
 2.00000E+00 1.00000E+00 1.00000E+00 1.00000E-05
     1     1     0     0     0     1     0     0     0    -3
 5.18513E+02 3.52251E+02-1.00000E+20 5.18188E+02 3.52791E+02 1.00000E+20
SURFMOD_2_PUMP_1160K                                                    
*  310 :  317                                                                 
 2.00000E+00 1.00000E+00 1.00000E+00 1.00000E-05
     1     1     0     0     0     1     0     0     0    -3
 5.18188E+02 3.52791E+02-1.00000E+20 5.16385E+02 3.55745E+02 1.00000E+20
SURFMOD_2_PUMP_1160K                                                    
*  311 :  318                                                                 
 2.00000E+00 1.00000E+00 1.00000E+00 1.00000E-05
     1     1     0     0     0     1     0     0     0    -3
 5.16385E+02 3.55745E+02-1.00000E+20 5.15545E+02 3.57116E+02 1.00000E+20
SURFMOD_2_PUMP_1160K                                                    
*  312 :  319                                                                 
 2.00000E+00 1.00000E+00 1.00000E+00 1.00000E-05
     1     1     0     0     0     1     0     0     0    -3
 5.15545E+02 3.57116E+02-1.00000E+20 5.14211E+02 3.59256E+02 1.00000E+20
SURFMOD_2_PUMP_1160K                                                    
*  313 :  320                                                                 
 2.00000E+00 1.00000E+00 1.00000E+00 1.00000E-05
     1     1     0     0     0     1     0     0     0    -3
 5.14211E+02 3.59256E+02-1.00000E+20 5.12901E+02 3.61352E+02 1.00000E+20
SURFMOD_2_PUMP_1160K                                                    
*  314 :  321                                                                 
 2.00000E+00 1.00000E+00 1.00000E+00 1.00000E-05
     1     1     0     0     0     1     0     0     0    -3
 5.12901E+02 3.61352E+02-1.00000E+20 5.12006E+02 3.62760E+02 1.00000E+20
SURFMOD_2_PUMP_1160K                                                    
*  315 :  322                                                                 
 2.00000E+00 1.00000E+00 1.00000E+00 1.00000E-05
     1     1     0     0     0     1     0     0     0    -3
 5.12006E+02 3.62760E+02-1.00000E+20 5.10262E+02 3.65500E+02 1.00000E+20
SURFMOD_2_PUMP_1160K                                                    
*  316 :  323                                                                 
 2.00000E+00 1.00000E+00 1.00000E+00 1.00000E-05
     1     1     0     0     0     1     0     0     0    -3
 5.10262E+02 3.65500E+02-1.00000E+20 5.07633E+02 3.69565E+02 1.00000E+20
SURFMOD_2_PUMP_1160K                                                    
*  317 :  324                                                                 
 2.00000E+00 1.00000E+00 1.00000E+00 1.00000E-05
     1     1     0     0     0     1     0     0     0    -3
 5.07633E+02 3.69565E+02-1.00000E+20 5.05035E+02 3.73533E+02 1.00000E+20
SURFMOD_2_PUMP_1160K                                                    
*  318 :  325                                                                 
 2.00000E+00 1.00000E+00 1.00000E+00 1.00000E-05
     1     1     0     0     0     1     0     0     0    -3
 5.05035E+02 3.73533E+02-1.00000E+20 4.49942E+02 4.50775E+02 1.00000E+20
SURFMOD_2_PUMP_1160K                                                    
*  319 :  326                                                                 
 2.00000E+00 1.00000E+00 1.00000E+00 1.00000E-05
     1     1     0     0     0     1     0     0     0    -3
 4.49942E+02 4.50775E+02-1.00000E+20 4.40314E+02 4.58675E+02 1.00000E+20
SURFMOD_2_PUMP_1160K                                                    
*  320 :  327                                                                 
 2.00000E+00 1.00000E+00 1.00000E+00 1.00000E-05
     1     1     0     0     0     1     0     0     0    -3
 4.40314E+02 4.58675E+02-1.00000E+20 4.30762E+02 4.66575E+02 1.00000E+20
SURFMOD_2_PUMP_1160K                                                    
*  321 :  328                                                                 
 2.00000E+00 1.00000E+00 1.00000E+00 1.00000E-05
     1     1     0     0     0     1     0     0     0    -3
 4.30762E+02 4.66575E+02-1.00000E+20 4.21362E+02 4.74475E+02 1.00000E+20
SURFMOD_2_PUMP_1160K                                                    
*  322 :  329                                                                 
 2.00000E+00 1.00000E+00 1.00000E+00 1.00000E-05
     1     1     0     0     0     1     0     0     0    -3
 4.21362E+02 4.74475E+02-1.00000E+20 4.12187E+02 4.82375E+02 1.00000E+20
SURFMOD_2_PUMP_1160K                                                    
*  323 :  330                                                                 
 2.00000E+00 1.00000E+00 1.00000E+00 1.00000E-05
     1     1     0     0     0     1     0     0     0    -3
 4.12187E+02 4.82375E+02-1.00000E+20 4.03300E+02 4.90275E+02 1.00000E+20
SURFMOD_2_PUMP_1160K                                                    
*  324 :  331                                                                 
 2.00000E+00 1.00000E+00 1.00000E+00 1.00000E-05
     1     1     0     0     0     1     0     0     0    -3
 4.03300E+02 4.90275E+02-1.00000E+20 3.94762E+02 4.98175E+02 1.00000E+20
SURFMOD_2_PUMP_1160K                                                    
*  325 :  332                                                                 
 2.00000E+00 1.00000E+00 1.00000E+00 1.00000E-05
     1     1     0     0     0     1     0     0     0    -3
 3.94762E+02 4.98175E+02-1.00000E+20 3.92830E+02 5.00095E+02 1.00000E+20
SURFMOD_2_PUMP_1160K                                                    
*  326 :  333                                                                 
 2.00000E+00 1.00000E+00 1.00000E+00 1.00000E-05
     1     1     0     0     0     1     0     0     0    -3
 3.92830E+02 5.00095E+02-1.00000E+20 3.90871E+02 5.01635E+02 1.00000E+20
SURFMOD_2_PUMP_1160K                                                    
*  327 :  334                                                                 
 2.00000E+00 1.00000E+00 1.00000E+00 1.00000E-05
     1     1     0     0     0     1     0     0     0    -3
 3.90871E+02 5.01635E+02-1.00000E+20 3.88211E+02 5.04154E+02 1.00000E+20
SURFMOD_2_PUMP_1160K                                                    
*  328 :  335                                                                 
 2.00000E+00 1.00000E+00 1.00000E+00 1.00000E-05
     1     1     0     0     0     1     0     0     0    -3
 3.88211E+02 5.04154E+02-1.00000E+20 3.85412E+02 5.07653E+02 1.00000E+20
SURFMOD_2_PUMP_1160K                                                    
*  329 :  336                                                                 
 2.00000E+00 1.00000E+00 1.00000E+00 1.00000E-05
     1     1     0     0     0     1     0     0     0    -3
 3.85412E+02 5.07653E+02-1.00000E+20 3.82333E+02 5.10172E+02 1.00000E+20
SURFMOD_2_PUMP_1160K                                                    
*  330 :  337                                                                 
 2.00000E+00 1.00000E+00 1.00000E+00 1.00000E-05
     1     1     0     0     0     1     0     0     0    -3
 3.82333E+02 5.10172E+02-1.00000E+20 3.78414E+02 5.14931E+02 1.00000E+20
SURFMOD_2_PUMP_1160K                                                    
*  331 :  338                                                                 
 2.00000E+00 1.00000E+00 1.00000E+00 1.00000E-05
     1     1     0     0     0     1     0     0     0    -3
 3.78414E+02 5.14931E+02-1.00000E+20 3.73515E+02 5.20110E+02 1.00000E+20
SURFMOD_2_PUMP_1160K                                                    
*  332 :  339                                                                 
 2.00000E+00 1.00000E+00 1.00000E+00 1.00000E-05
     1     1     0     0     0     1     0     0     0    -3
 3.73515E+02 5.20110E+02-1.00000E+20 3.67636E+02 5.26688E+02 1.00000E+20
SURFMOD_2_PUMP_1160K                                                    
*  333 :  340                                                                 
 2.00000E+00 1.00000E+00 1.00000E+00 1.00000E-05
     1     1     0     0     0     1     0     0     0    -3
 3.67636E+02 5.26688E+02-1.00000E+20 3.60492E+02 5.35226E+02 1.00000E+20
SURFMOD_2_PUMP_1160K                                                    
*  334 :  341                                                                 
 2.00000E+00 1.00000E+00 1.00000E+00 1.00000E-05
     1     1     0     0     0     1     0     0     0    -3
 3.60492E+02 5.35226E+02-1.00000E+20 3.54750E+02 5.42789E+02 1.00000E+20
SURFMOD_2_PUMP_1160K                                                    
*  335 :  342                                                                 
 2.00000E+00 1.00000E+00 1.00000E+00 1.00000E-05
     1     1     0     0     0     1     0     0     0    -3
 3.54750E+02 5.42789E+02-1.00000E+20 3.48447E+02 5.52313E+02 1.00000E+20
SURFMOD_2_PUMP_1160K                                                    
*  336 :  343                                                                 
 2.00000E+00 1.00000E+00 1.00000E+00 1.00000E-05
     1     1     0     0     0     1     0     0     0    -3
 3.48447E+02 5.52313E+02-1.00000E+20 3.39764E+02 5.66458E+02 1.00000E+20
SURFMOD_2_PUMP_1160K                                                    
*  337 :  344                                                                 
 2.00000E+00 1.00000E+00 1.00000E+00 1.00000E-05
     1     1     0     0     0     1     0     0     0    -3
 3.39764E+02 5.66458E+02-1.00000E+20 3.29399E+02 5.86487E+02 1.00000E+20
SURFMOD_2_PUMP_1160K                                                    
*  338 :  345                                                                 
 2.00000E+00 1.00000E+00 1.00000E+00 1.00000E-05
     1     1     0     0     0     1     0     0     0    -3
 3.29399E+02 5.86487E+02-1.00000E+20 3.20139E+02 6.08913E+02 1.00000E+20
SURFMOD_2_PUMP_1160K                                                    
*  339 :  346                                                                 
 2.00000E+00 1.00000E+00 1.00000E+00 1.00000E-05
     1     1     0     0     0     1     0     0     0    -3
 3.20139E+02 6.08913E+02-1.00000E+20 3.45366E+02 6.37083E+02 1.00000E+20
SURFMOD_2_PUMP_1160K                                                    
*  340 :  347                                                                 
 2.00000E+00 1.00000E+00 1.00000E+00 1.00000E-05
     1     1     0     0     0     1     0     0     0    -3
 3.45366E+02 6.37083E+02-1.00000E+20 3.82175E+02 6.74169E+02 1.00000E+20
SURFMOD_2_PUMP_1160K                                                    
*  341 :  348                                                                 
 2.00000E+00 1.00000E+00 1.00000E+00 1.00000E-05
     1     1     0     0     0     1     0     0     0    -3
 3.82175E+02 6.74169E+02-1.00000E+20 4.61477E+02 7.60154E+02 1.00000E+20
SURFMOD_2_PUMP_1160K                                                    
*  342 :  349                                                                 
 2.00000E+00 1.00000E+00 1.00000E+00 1.00000E-05
     1     1     0     0     0     1     0     0     0    -3
 4.61477E+02 7.60154E+02-1.00000E+20 4.93639E+02 7.84357E+02 1.00000E+20
SURFMOD_2_PUMP_1160K                                                    
*  343 :  359                                                                 
 2.00000E+00 1.00000E+00 1.00000E+00 1.00000E-05
     1     1     0     0     0     1     0     0     0    -3
 5.49226E+02 7.84282E+02-1.00000E+20 5.74283E+02 7.84112E+02 1.00000E+20
SURFMOD_2_PUMP_1160K                                                    
*  344 :  360                                                                 
 2.00000E+00 1.00000E+00 1.00000E+00 1.00000E-05
     1     1     0     0     0     1     0     0     0    -3
 5.74283E+02 7.84112E+02-1.00000E+20 5.74301E+02 8.51233E+02 1.00000E+20
SURFMOD_3_PUMP_1160K                                                    
*  345 :  361                                                                 
 2.00000E+00 1.00000E+00 1.00000E+00 1.00000E-05
     1     1     0     0     0     1     0     0     0    -3
 5.74301E+02 8.51233E+02-1.00000E+20 5.51464E+02 8.51243E+02 1.00000E+20
SURFMOD_2_PUMP_1160K                                                    
*  346 :  362                                                                 
 2.00000E+00 1.00000E+00 1.00000E+00 1.00000E-05
     1     1     0     0     0     1     0     0     0     0
 5.19158E+02 8.52657E+02-1.00000E+20 5.98377E+02 8.95283E+02 1.00000E+20
SURFMOD_2_PUMP_1160K                                                    
*  347 :  363                                                                 
 2.00000E+00 1.00000E+00 1.00000E+00 1.00000E-05
     1     1     0     0     0     1     0     0     0     0
 5.98377E+02 8.95283E+02-1.00000E+20 5.51464E+02 8.51243E+02 1.00000E+20
SURFMOD_2_PUMP_1160K                                                    
*  348 :  364                                                                 
 2.00000E+00 1.00000E+00 1.00000E+00 1.00000E-05
     1     1     0     0     0     1     0     0     0     0
 1.73510E+02 6.58235E+02-1.00000E+20 1.69287E+02 6.45823E+02 1.00000E+20
SURFMOD_1_PUMP_1160K                                                    
*  349 :  365  - target edge (to be modified by GEOUSR)                       
 2.00000E+00 1.00000E+00 1.00000E+00 1.00000E-05
     1     1     0     0     0     1     0     0     0    -2
 5.40000E+02 8.51735E+02-1.00000E+20 5.22676E+02 8.52426E+02 1.00000E+20
SURFMOD_1_PUMP_1160K                                                    
*  350 :  366                                                                 
 2.00000E+00 1.00000E+00 1.00000E+00 1.00000E-05
     1     1     0     0     0     1     0     0     0    -2
 5.22676E+02 8.52426E+02-1.00000E+20 5.19158E+02 8.52657E+02 1.00000E+20
SURFMOD_1_PUMP_1160K                                                    
*  351 :  367                                                                 
 2.00000E+00 1.00000E+00 1.00000E+00 1.00000E-05
     1     1     0     0     0     1     0     0     0    -2
 5.19158E+02 8.52657E+02-1.00000E+20 4.74154E+02 8.52449E+02 1.00000E+20
SURFMOD_2_PUMP_1160K                                                    
*  352 :  368                                                                 
 2.00000E+00 1.00000E+00 1.00000E+00 1.00000E-05
     1     1     0     0     0     1     0     0     0    -2
 4.74154E+02 8.52449E+02-1.00000E+20 4.09386E+02 8.22872E+02 1.00000E+20
SURFMOD_2_PUMP_1160K                                                    
*  353 :  369                                                                 
 2.00000E+00 1.00000E+00 1.00000E+00 1.00000E-05
     1     1     0     0     0     1     0     0     0    -2
 4.09386E+02 8.22872E+02-1.00000E+20 3.58686E+02 7.70472E+02 1.00000E+20
SURFMOD_2_PUMP_1160K                                                    
*  354 :  370                                                                 
 2.00000E+00 1.00000E+00 1.00000E+00 1.00000E-05
     1     1     0     0     0     1     0     0     0    -2
 3.58686E+02 7.70472E+02-1.00000E+20 2.80000E+02 6.77744E+02 1.00000E+20
SURFMOD_2_PUMP_1160K                                                    
*  355 :  371                                                                 
 2.00000E+00 1.00000E+00 1.00000E+00 1.00000E-05
     1     1     0     0     0     1     0     0     0    -2
 2.80000E+02 6.77744E+02-1.00000E+20 2.64900E+02 6.77700E+02 1.00000E+20
SURFMOD_2_PUMP_1160K                                                    
*  356 :  372                                                                 
 2.00000E+00 1.00000E+00 1.00000E+00 1.00000E-05
     1     1     0     0     0     1     0     0     0    -2
 2.64900E+02 6.77700E+02-1.00000E+20 2.09900E+02 6.77700E+02 1.00000E+20
SURFMOD_2_PUMP_1160K                                                    
*  357 :  373                                                                 
 2.00000E+00 1.00000E+00 1.00000E+00 1.00000E-05
     1     1     0     0     0     1     0     0     0    -2
 2.09900E+02 6.77700E+02-1.00000E+20 1.89584E+02 6.77704E+02 1.00000E+20
SURFMOD_2_PUMP_1160K                                                    
*  358 :  374                                                                 
 2.00000E+00 1.00000E+00 1.00000E+00 1.00000E-05
     1     1     0     0     0     1     0     0     0    -2
 1.89584E+02 6.77704E+02-1.00000E+20 1.84000E+02 6.77700E+02 1.00000E+20
SURFMOD_2_PUMP_1160K                                                    
*  359 :  375                                                                 
 2.00000E+00 1.00000E+00 1.00000E+00 1.00000E-05
     1     1     0     0     0     1     0     0     0     0
 1.65307E+02 6.33603E+02-1.00000E+20 1.73571E+02 7.01086E+02 1.00000E+20
SURFMOD_2_PUMP_1160K                                                    
*  360 :  376                                                                 
 2.00000E+00 1.00000E+00 1.00000E+00 1.00000E-05
     1     1     0     0     0     1     0     0     0     0
 1.73571E+02 7.01086E+02-1.00000E+20 1.84000E+02 6.77700E+02 1.00000E+20
SURFMOD_2_PUMP_1160K                                                    
*  361 :  377                                                                 
 2.00000E+00 1.00000E+00 1.00000E+00 1.00000E-05
     1     1     0     0     0     1     0     0     0    -2
 1.84000E+02 6.77700E+02-1.00000E+20 1.80055E+02 6.77573E+02 1.00000E+20
SURFMOD_2_PUMP_1160K                                                    
*  362 :  378  - target edge (to be modified by GEOUSR)                       
 2.00000E+00 1.00000E+00 1.00000E+00 1.00000E-05
     1     1     0     0     0     1     0     0     0    -2
 1.80055E+02 6.77573E+02-1.00000E+20 1.73510E+02 6.58235E+02 1.00000E+20
SURFMOD_1_PUMP_1160K                                                    
*  363 :  380                                                                 
 2.00000E+00 1.00000E+00 1.00000E+00 1.00000E-05
     1     1     0     0     0     1     0     0     0    -1
 1.65307E+02 6.33603E+02-1.00000E+20 1.65871E+02 6.32677E+02 1.00000E+20
SURFMOD_2_PUMP_1160K                                                    
*  364 :  381                                                                 
 2.00000E+00 1.00000E+00 1.00000E+00 1.00000E-05
     1     1     0     0     0     1     0     0     0    -1
 1.65871E+02 6.32677E+02-1.00000E+20 1.67500E+02 6.30000E+02 1.00000E+20
SURFMOD_2_PUMP_1160K                                                    
*  365 :  382                                                                 
 2.00000E+00 1.00000E+00 1.00000E+00 1.00000E-05
     1     1     0     0     0     1     0     0     0    -1
 1.67500E+02 6.30000E+02-1.00000E+20 2.00000E+02 5.89700E+02 1.00000E+20
SURFMOD_2_PUMP_1160K                                                    
*  366 :  383                                                                 
 2.00000E+00 1.00000E+00 1.00000E+00 1.00000E-05
     1     1     0     0     0     1     0     0     0    -1
 2.00000E+02 5.89700E+02-1.00000E+20 1.70312E+02 4.52776E+02 1.00000E+20
SURFMOD_2_PUMP_1160K                                                    
*  367 :  384                                                                 
 2.00000E+00 1.00000E+00 1.00000E+00 1.00000E-05
     1     1     0     0     0     1     0     0     0    -1
 1.70312E+02 4.52776E+02-1.00000E+20 1.69669E+02 4.49361E+02 1.00000E+20
SURFMOD_2_PUMP_1160K                                                    
*  368 :  385                                                                 
 2.00000E+00 1.00000E+00 1.00000E+00 1.00000E-05
     1     1     0     0     0     1     0     0     0    -1
 1.69669E+02 4.49361E+02-1.00000E+20 1.69046E+02 4.45949E+02 1.00000E+20
SURFMOD_2_PUMP_1160K                                                    
*  369 :  386                                                                 
 2.00000E+00 1.00000E+00 1.00000E+00 1.00000E-05
     1     1     0     0     0     1     0     0     0    -1
 1.69046E+02 4.45949E+02-1.00000E+20 1.68453E+02 4.42521E+02 1.00000E+20
SURFMOD_2_PUMP_1160K                                                    
*  370 :  387                                                                 
 2.00000E+00 1.00000E+00 1.00000E+00 1.00000E-05
     1     1     0     0     0     1     0     0     0    -1
 1.68453E+02 4.42521E+02-1.00000E+20 1.67891E+02 4.39095E+02 1.00000E+20
SURFMOD_2_PUMP_1160K                                                    
*  371 :  388                                                                 
 2.00000E+00 1.00000E+00 1.00000E+00 1.00000E-05
     1     1     0     0     0     1     0     0     0    -1
 1.67891E+02 4.39095E+02-1.00000E+20 1.67361E+02 4.35678E+02 1.00000E+20
SURFMOD_2_PUMP_1160K                                                    
*  372 :  389                                                                 
 2.00000E+00 1.00000E+00 1.00000E+00 1.00000E-05
     1     1     0     0     0     1     0     0     0    -1
 1.67361E+02 4.35678E+02-1.00000E+20 1.66857E+02 4.32272E+02 1.00000E+20
SURFMOD_2_PUMP_1160K                                                    
*  373 :  390                                                                 
 2.00000E+00 1.00000E+00 1.00000E+00 1.00000E-05
     1     1     0     0     0     1     0     0     0    -1
 1.66857E+02 4.32272E+02-1.00000E+20 1.66375E+02 4.28860E+02 1.00000E+20
SURFMOD_2_PUMP_1160K                                                    
*  374 :  391                                                                 
 2.00000E+00 1.00000E+00 1.00000E+00 1.00000E-05
     1     1     0     0     0     1     0     0     0    -1
 1.66375E+02 4.28860E+02-1.00000E+20 1.65920E+02 4.25442E+02 1.00000E+20
SURFMOD_2_PUMP_1160K                                                    
*  375 :  392                                                                 
 2.00000E+00 1.00000E+00 1.00000E+00 1.00000E-05
     1     1     0     0     0     1     0     0     0    -1
 1.65920E+02 4.25442E+02-1.00000E+20 1.65492E+02 4.22028E+02 1.00000E+20
SURFMOD_2_PUMP_1160K                                                    
*  376 :  393                                                                 
 2.00000E+00 1.00000E+00 1.00000E+00 1.00000E-05
     1     1     0     0     0     1     0     0     0    -1
 1.65492E+02 4.22028E+02-1.00000E+20 1.65089E+02 4.18617E+02 1.00000E+20
SURFMOD_2_PUMP_1160K                                                    
*  377 :  394                                                                 
 2.00000E+00 1.00000E+00 1.00000E+00 1.00000E-05
     1     1     0     0     0     1     0     0     0    -1
 1.65089E+02 4.18617E+02-1.00000E+20 1.64712E+02 4.15212E+02 1.00000E+20
SURFMOD_2_PUMP_1160K                                                    
*  378 :  395                                                                 
 2.00000E+00 1.00000E+00 1.00000E+00 1.00000E-05
     1     1     0     0     0     1     0     0     0    -1
 1.64712E+02 4.15212E+02-1.00000E+20 1.64357E+02 4.11818E+02 1.00000E+20
SURFMOD_2_PUMP_1160K                                                    
*  379 :  396                                                                 
 2.00000E+00 1.00000E+00 1.00000E+00 1.00000E-05
     1     1     0     0     0     1     0     0     0    -1
 1.64357E+02 4.11818E+02-1.00000E+20 1.64018E+02 4.08421E+02 1.00000E+20
SURFMOD_2_PUMP_1160K                                                    
*  380 :  397                                                                 
 2.00000E+00 1.00000E+00 1.00000E+00 1.00000E-05
     1     1     0     0     0     1     0     0     0    -1
 1.64018E+02 4.08421E+02-1.00000E+20 1.63701E+02 4.05021E+02 1.00000E+20
SURFMOD_2_PUMP_1160K                                                    
*  381 :  398                                                                 
 2.00000E+00 1.00000E+00 1.00000E+00 1.00000E-05
     1     1     0     0     0     1     0     0     0    -1
 1.63701E+02 4.05021E+02-1.00000E+20 1.63404E+02 4.01624E+02 1.00000E+20
SURFMOD_2_PUMP_1160K                                                    
*  382 :  399                                                                 
 2.00000E+00 1.00000E+00 1.00000E+00 1.00000E-05
     1     1     0     0     0     1     0     0     0    -1
 1.63404E+02 4.01624E+02-1.00000E+20 1.48500E+02 2.70000E+02 1.00000E+20
SURFMOD_2_PUMP_1160K                                                    
*  383 :  400                                                                 
 2.00000E+00 1.00000E+00 1.00000E+00 1.00000E-05
     1     1     0     0     0     1     0     0     0    -1
 1.48500E+02 2.70000E+02-1.00000E+20 1.48500E+02 2.30000E+02 1.00000E+20
SURFMOD_2_PUMP_1160K                                                    
*  384 :  401                                                                 
 2.00000E+00 1.00000E+00 1.00000E+00 1.00000E-05
     1     1     0     0     0     1     0     0     0    -1
 1.48500E+02 2.30000E+02-1.00000E+20 1.48500E+02 2.00000E+02 1.00000E+20
SURFMOD_2_PUMP_1160K                                                    
*  385 :  402                                                                 
 2.00000E+00 1.00000E+00 1.00000E+00 1.00000E-05
     1     1     0     0     0     1     0     0     0    -1
 1.48500E+02 2.00000E+02-1.00000E+20 1.48500E+02 1.70742E+02 1.00000E+20
SURFMOD_2_PUMP_1160K                                                    
*  386 :  403                                                                 
 2.00000E+00 1.00000E+00 1.00000E+00 1.00000E-05
     1     1     0     0     0     1     0     0     0    -1
 1.48500E+02 1.70742E+02-1.00000E+20 1.48500E+02 1.67396E+02 1.00000E+20
SURFMOD_2_PUMP_1160K                                                    
*  387 :  404                                                                 
 2.00000E+00 1.00000E+00 1.00000E+00 1.00000E-05
     1     1     0     0     0     1     0     0     0    -1
 1.48500E+02 1.67396E+02-1.00000E+20 1.48500E+02 1.64049E+02 1.00000E+20
SURFMOD_2_PUMP_1160K                                                    
*  388 :  405                                                                 
 2.00000E+00 1.00000E+00 1.00000E+00 1.00000E-05
     1     1     0     0     0     1     0     0     0    -1
 1.48500E+02 1.64049E+02-1.00000E+20 1.48500E+02 1.60703E+02 1.00000E+20
SURFMOD_2_PUMP_1160K                                                    
*  389 :  406                                                                 
 2.00000E+00 1.00000E+00 1.00000E+00 1.00000E-05
     1     1     0     0     0     1     0     0     0    -1
 1.48500E+02 1.60703E+02-1.00000E+20 1.48500E+02 1.57356E+02 1.00000E+20
SURFMOD_2_PUMP_1160K                                                    
*  390 :  407                                                                 
 2.00000E+00 1.00000E+00 1.00000E+00 1.00000E-05
     1     1     0     0     0     1     0     0     0    -1
 1.48500E+02 1.57356E+02-1.00000E+20 1.48500E+02 1.54010E+02 1.00000E+20
SURFMOD_2_PUMP_1160K                                                    
*  391 :  408                                                                 
 2.00000E+00 1.00000E+00 1.00000E+00 1.00000E-05
     1     1     0     0     0     1     0     0     0    -1
 1.48500E+02 1.54010E+02-1.00000E+20 1.48500E+02 1.50663E+02 1.00000E+20
SURFMOD_2_PUMP_1160K                                                    
*  392 :  409                                                                 
 2.00000E+00 1.00000E+00 1.00000E+00 1.00000E-05
     1     1     0     0     0     1     0     0     0    -1
 1.48500E+02 1.50663E+02-1.00000E+20 1.48500E+02 1.47316E+02 1.00000E+20
SURFMOD_2_PUMP_1160K                                                    
*  393 :  410                                                                 
 2.00000E+00 1.00000E+00 1.00000E+00 1.00000E-05
     1     1     0     0     0     1     0     0     0    -1
 1.48500E+02 1.47316E+02-1.00000E+20 1.48500E+02 1.43969E+02 1.00000E+20
SURFMOD_2_PUMP_1160K                                                    
*  394 :  411                                                                 
 2.00000E+00 1.00000E+00 1.00000E+00 1.00000E-05
     1     1     0     0     0     1     0     0     0    -1
 1.48500E+02 1.43969E+02-1.00000E+20 1.48500E+02 1.40622E+02 1.00000E+20
SURFMOD_2_PUMP_1160K                                                    
*  395 :  412                                                                 
 2.00000E+00 1.00000E+00 1.00000E+00 1.00000E-05
     1     1     0     0     0     1     0     0     0    -1
 1.48500E+02 1.40622E+02-1.00000E+20 1.48500E+02 1.37275E+02 1.00000E+20
SURFMOD_2_PUMP_1160K                                                    
*  396 :  413                                                                 
 2.00000E+00 1.00000E+00 1.00000E+00 1.00000E-05
     1     1     0     0     0     1     0     0     0    -1
 1.48500E+02 1.37275E+02-1.00000E+20 1.48500E+02 1.33928E+02 1.00000E+20
SURFMOD_2_PUMP_1160K                                                    
*  397 :  414                                                                 
 2.00000E+00 1.00000E+00 1.00000E+00 1.00000E-05
     1     1     0     0     0     1     0     0     0    -1
 1.48500E+02 1.33928E+02-1.00000E+20 1.48500E+02 1.25000E+02 1.00000E+20
SURFMOD_2_PUMP_1160K                                                    
*  398 :  415                                                                 
 2.00000E+00 1.00000E+00 1.00000E+00 1.00000E-05
     1     1     0     0     0     1     0     0     0    -1
 1.48500E+02 1.25000E+02-1.00000E+20 1.49500E+02 1.25000E+02 1.00000E+20
SURFMOD_2_PUMP_1160K                                                    
*  399 :  416                                                                 
 2.00000E+00 1.00000E+00 1.00000E+00 1.00000E-05
     1     1     0     0     0     1     0     0     0    -1
 1.49500E+02 1.25000E+02-1.00000E+20 1.49500E+02 1.23892E+02 1.00000E+20
SURFMOD_2_PUMP_1160K                                                    
*  400 :  417                                                                 
 2.00000E+00 1.00000E+00 1.00000E+00 1.00000E-05
     1     1     0     0     0     1     0     0     0    -1
 1.49500E+02 1.23892E+02-1.00000E+20 1.49500E+02 1.20544E+02 1.00000E+20
SURFMOD_2_PUMP_1160K                                                    
*  401 :  418                                                                 
 2.00000E+00 1.00000E+00 1.00000E+00 1.00000E-05
     1     1     0     0     0     1     0     0     0    -1
 1.49500E+02 1.20544E+02-1.00000E+20 1.49500E+02 1.17196E+02 1.00000E+20
SURFMOD_2_PUMP_1160K                                                    
*  402 :  419                                                                 
 2.00000E+00 1.00000E+00 1.00000E+00 1.00000E-05
     1     1     0     0     0     1     0     0     0    -1
 1.49500E+02 1.17196E+02-1.00000E+20 1.49500E+02 1.13848E+02 1.00000E+20
SURFMOD_2_PUMP_1160K                                                    
*  403 :  420                                                                 
 2.00000E+00 1.00000E+00 1.00000E+00 1.00000E-05
     1     1     0     0     0     1     0     0     0    -1
 1.49500E+02 1.13848E+02-1.00000E+20 1.49500E+02 1.10500E+02 1.00000E+20
SURFMOD_2_PUMP_1160K                                                    
*  404 :  421                                                                 
 2.00000E+00 1.00000E+00 1.00000E+00 1.00000E-05
     1     1     0     0     0     1     0     0     0    -1
 1.49500E+02 1.10500E+02-1.00000E+20 1.49500E+02 1.07152E+02 1.00000E+20
SURFMOD_2_PUMP_1160K                                                    
*  405 :  422                                                                 
 2.00000E+00 1.00000E+00 1.00000E+00 1.00000E-05
     1     1     0     0     0     1     0     0     0    -1
 1.49500E+02 1.07152E+02-1.00000E+20 1.49500E+02 1.03804E+02 1.00000E+20
SURFMOD_2_PUMP_1160K                                                    
*  406 :  423                                                                 
 2.00000E+00 1.00000E+00 1.00000E+00 1.00000E-05
     1     1     0     0     0     1     0     0     0    -1
 1.49500E+02 1.03804E+02-1.00000E+20 1.49500E+02 1.00455E+02 1.00000E+20
SURFMOD_2_PUMP_1160K                                                    
*  407 :  424                                                                 
 2.00000E+00 1.00000E+00 1.00000E+00 1.00000E-05
     1     1     0     0     0     1     0     0     0    -1
 1.49500E+02 1.00455E+02-1.00000E+20 1.49500E+02 9.71068E+01 1.00000E+20
SURFMOD_2_PUMP_1160K                                                    
*  408 :  425                                                                 
 2.00000E+00 1.00000E+00 1.00000E+00 1.00000E-05
     1     1     0     0     0     1     0     0     0    -1
 1.49500E+02 9.71068E+01-1.00000E+20 1.49500E+02 9.37584E+01 1.00000E+20
SURFMOD_2_PUMP_1160K                                                    
*  409 :  426                                                                 
 2.00000E+00 1.00000E+00 1.00000E+00 1.00000E-05
     1     1     0     0     0     1     0     0     0    -1
 1.49500E+02 9.37584E+01-1.00000E+20 1.49500E+02 9.04099E+01 1.00000E+20
SURFMOD_2_PUMP_1160K                                                    
*  410 :  427                                                                 
 2.00000E+00 1.00000E+00 1.00000E+00 1.00000E-05
     1     1     0     0     0     1     0     0     0    -1
 1.49500E+02 9.04099E+01-1.00000E+20 1.49500E+02 8.70614E+01 1.00000E+20
SURFMOD_2_PUMP_1160K                                                    
*  411 :  428                                                                 
 2.00000E+00 1.00000E+00 1.00000E+00 1.00000E-05
     1     1     0     0     0     1     0     0     0    -1
 1.49500E+02 8.70614E+01-1.00000E+20 1.49500E+02 8.37128E+01 1.00000E+20
SURFMOD_2_PUMP_1160K                                                    
*  412 :  429                                                                 
 2.00000E+00 1.00000E+00 1.00000E+00 1.00000E-05
     1     1     0     0     0     1     0     0     0    -1
 1.49500E+02 8.37128E+01-1.00000E+20 1.49500E+02 8.03643E+01 1.00000E+20
SURFMOD_2_PUMP_1160K                                                    
*  413 :  430                                                                 
 2.00000E+00 1.00000E+00 1.00000E+00 1.00000E-05
     1     1     0     0     0     1     0     0     0    -1
 1.49500E+02 8.03643E+01-1.00000E+20 1.49500E+02 7.70157E+01 1.00000E+20
SURFMOD_2_PUMP_1160K                                                    
*  414 :  431                                                                 
 2.00000E+00 1.00000E+00 1.00000E+00 1.00000E-05
     1     1     0     0     0     1     0     0     0    -1
 1.49500E+02 7.70157E+01-1.00000E+20 1.49500E+02 7.36672E+01 1.00000E+20
SURFMOD_2_PUMP_1160K                                                    
*  415 :  432                                                                 
 2.00000E+00 1.00000E+00 1.00000E+00 1.00000E-05
     1     1     0     0     0     1     0     0     0    -1
 1.49500E+02 7.36672E+01-1.00000E+20 1.49500E+02 7.03186E+01 1.00000E+20
SURFMOD_2_PUMP_1160K                                                    
*  416 :  433                                                                 
 2.00000E+00 1.00000E+00 1.00000E+00 1.00000E-05
     1     1     0     0     0     1     0     0     0    -1
 1.49500E+02 7.03186E+01-1.00000E+20 1.49500E+02 6.69701E+01 1.00000E+20
SURFMOD_2_PUMP_1160K                                                    
*  417 :  434                                                                 
 2.00000E+00 1.00000E+00 1.00000E+00 1.00000E-05
     1     1     0     0     0     1     0     0     0    -1
 1.49500E+02 6.69701E+01-1.00000E+20 1.49500E+02 6.36215E+01 1.00000E+20
SURFMOD_2_PUMP_1160K                                                    
*  418 :  435                                                                 
 2.00000E+00 1.00000E+00 1.00000E+00 1.00000E-05
     1     1     0     0     0     1     0     0     0    -1
 1.49500E+02 6.36215E+01-1.00000E+20 1.49500E+02 6.02729E+01 1.00000E+20
SURFMOD_2_PUMP_1160K                                                    
*  419 :  436                                                                 
 2.00000E+00 1.00000E+00 1.00000E+00 1.00000E-05
     1     1     0     0     0     1     0     0     0    -1
 1.49500E+02 6.02729E+01-1.00000E+20 1.49500E+02 5.69244E+01 1.00000E+20
SURFMOD_2_PUMP_1160K                                                    
*  420 :  437                                                                 
 2.00000E+00 1.00000E+00 1.00000E+00 1.00000E-05
     1     1     0     0     0     1     0     0     0    -1
 1.49500E+02 5.69244E+01-1.00000E+20 1.49500E+02 5.35758E+01 1.00000E+20
SURFMOD_2_PUMP_1160K                                                    
*  421 :  438                                                                 
 2.00000E+00 1.00000E+00 1.00000E+00 1.00000E-05
     1     1     0     0     0     1     0     0     0    -1
 1.49500E+02 5.35758E+01-1.00000E+20 1.49500E+02 5.02273E+01 1.00000E+20
SURFMOD_2_PUMP_1160K                                                    
*  422 :  439                                                                 
 2.00000E+00 1.00000E+00 1.00000E+00 1.00000E-05
     1     1     0     0     0     1     0     0     0    -1
 1.49500E+02 5.02273E+01-1.00000E+20 1.49500E+02 4.68788E+01 1.00000E+20
SURFMOD_2_PUMP_1160K                                                    
*  423 :  440                                                                 
 2.00000E+00 1.00000E+00 1.00000E+00 1.00000E-05
     1     1     0     0     0     1     0     0     0    -1
 1.49500E+02 4.68788E+01-1.00000E+20 1.49500E+02 4.35302E+01 1.00000E+20
SURFMOD_2_PUMP_1160K                                                    
*  424 :  441                                                                 
 2.00000E+00 1.00000E+00 1.00000E+00 1.00000E-05
     1     1     0     0     0     1     0     0     0    -1
 1.49500E+02 4.35302E+01-1.00000E+20 1.49500E+02 4.01817E+01 1.00000E+20
SURFMOD_2_PUMP_1160K                                                    
*  425 :  442                                                                 
 2.00000E+00 1.00000E+00 1.00000E+00 1.00000E-05
     1     1     0     0     0     1     0     0     0    -1
 1.49500E+02 4.01817E+01-1.00000E+20 1.49500E+02 3.68332E+01 1.00000E+20
SURFMOD_2_PUMP_1160K                                                    
*  426 :  443                                                                 
 2.00000E+00 1.00000E+00 1.00000E+00 1.00000E-05
     1     1     0     0     0     1     0     0     0    -1
 1.49500E+02 3.68332E+01-1.00000E+20 1.49500E+02 3.34847E+01 1.00000E+20
SURFMOD_2_PUMP_1160K                                                    
*  427 :  444                                                                 
 2.00000E+00 1.00000E+00 1.00000E+00 1.00000E-05
     1     1     0     0     0     1     0     0     0    -1
 1.49500E+02 3.34847E+01-1.00000E+20 1.49500E+02 3.01362E+01 1.00000E+20
SURFMOD_2_PUMP_1160K                                                    
*  428 :  445                                                                 
 2.00000E+00 1.00000E+00 1.00000E+00 1.00000E-05
     1     1     0     0     0     1     0     0     0    -1
 1.49500E+02 3.01362E+01-1.00000E+20 1.49500E+02 2.67877E+01 1.00000E+20
SURFMOD_2_PUMP_1160K                                                    
*  429 :  446                                                                 
 2.00000E+00 1.00000E+00 1.00000E+00 1.00000E-05
     1     1     0     0     0     1     0     0     0    -1
 1.49500E+02 2.67877E+01-1.00000E+20 1.49500E+02 2.34393E+01 1.00000E+20
SURFMOD_2_PUMP_1160K                                                    
*  430 :  447                                                                 
 2.00000E+00 1.00000E+00 1.00000E+00 1.00000E-05
     1     1     0     0     0     1     0     0     0    -1
 1.49500E+02 2.34393E+01-1.00000E+20 1.49500E+02 2.00908E+01 1.00000E+20
SURFMOD_2_PUMP_1160K                                                    
*  431 :  448                                                                 
 2.00000E+00 1.00000E+00 1.00000E+00 1.00000E-05
     1     1     0     0     0     1     0     0     0    -1
 1.49500E+02 2.00908E+01-1.00000E+20 1.49500E+02 1.67423E+01 1.00000E+20
SURFMOD_2_PUMP_1160K                                                    
*  432 :  449                                                                 
 2.00000E+00 1.00000E+00 1.00000E+00 1.00000E-05
     1     1     0     0     0     1     0     0     0    -1
 1.49500E+02 1.67423E+01-1.00000E+20 1.49500E+02 1.33938E+01 1.00000E+20
SURFMOD_2_PUMP_1160K                                                    
*  433 :  450                                                                 
 2.00000E+00 1.00000E+00 1.00000E+00 1.00000E-05
     1     1     0     0     0     1     0     0     0    -1
 1.49500E+02 1.33938E+01-1.00000E+20 1.49500E+02 1.00454E+01 1.00000E+20
SURFMOD_2_PUMP_1160K                                                    
*  434 :  451                                                                 
 2.00000E+00 1.00000E+00 1.00000E+00 1.00000E-05
     1     1     0     0     0     1     0     0     0    -1
 1.49500E+02 1.00454E+01-1.00000E+20 1.49500E+02 6.69692E+00 1.00000E+20
SURFMOD_2_PUMP_1160K                                                    
*  435 :  452                                                                 
 2.00000E+00 1.00000E+00 1.00000E+00 1.00000E-05
     1     1     0     0     0     1     0     0     0    -1
 1.49500E+02 6.69692E+00-1.00000E+20 1.49500E+02 3.34846E+00 1.00000E+20
SURFMOD_2_PUMP_1160K                                                    
*  436 :  453                                                                 
 2.00000E+00 1.00000E+00 1.00000E+00 1.00000E-05
     1     1     0     0     0     1     0     0     0    -1
 1.49500E+02 3.34846E+00-1.00000E+20 1.49500E+02 0.00000E+00 1.00000E+20
SURFMOD_2_PUMP_1160K                                                    
*  437 :  454                                                                 
 2.00000E+00 1.00000E+00 1.00000E+00 1.00000E-05
     1     1     0     0     0     1     0     0     0    -1
 1.49500E+02 0.00000E+00-1.00000E+20 1.49500E+02-3.34846E+00 1.00000E+20
SURFMOD_2_PUMP_1160K                                                    
*  438 :  455                                                                 
 2.00000E+00 1.00000E+00 1.00000E+00 1.00000E-05
     1     1     0     0     0     1     0     0     0    -1
 1.49500E+02-3.34846E+00-1.00000E+20 1.49500E+02-6.69692E+00 1.00000E+20
SURFMOD_2_PUMP_1160K                                                    
*  439 :  456                                                                 
 2.00000E+00 1.00000E+00 1.00000E+00 1.00000E-05
     1     1     0     0     0     1     0     0     0    -1
 1.49500E+02-6.69692E+00-1.00000E+20 1.49500E+02-1.00454E+01 1.00000E+20
SURFMOD_2_PUMP_1160K                                                    
*  440 :  457                                                                 
 2.00000E+00 1.00000E+00 1.00000E+00 1.00000E-05
     1     1     0     0     0     1     0     0     0    -1
 1.49500E+02-1.00454E+01-1.00000E+20 1.49500E+02-1.33938E+01 1.00000E+20
SURFMOD_2_PUMP_1160K                                                    
*  441 :  458                                                                 
 2.00000E+00 1.00000E+00 1.00000E+00 1.00000E-05
     1     1     0     0     0     1     0     0     0    -1
 1.49500E+02-1.33938E+01-1.00000E+20 1.49500E+02-1.67423E+01 1.00000E+20
SURFMOD_2_PUMP_1160K                                                    
*  442 :  459                                                                 
 2.00000E+00 1.00000E+00 1.00000E+00 1.00000E-05
     1     1     0     0     0     1     0     0     0    -1
 1.49500E+02-1.67423E+01-1.00000E+20 1.49500E+02-2.00908E+01 1.00000E+20
SURFMOD_2_PUMP_1160K                                                    
*  443 :  460                                                                 
 2.00000E+00 1.00000E+00 1.00000E+00 1.00000E-05
     1     1     0     0     0     1     0     0     0    -1
 1.49500E+02-2.00908E+01-1.00000E+20 1.49500E+02-2.34393E+01 1.00000E+20
SURFMOD_2_PUMP_1160K                                                    
*  444 :  461                                                                 
 2.00000E+00 1.00000E+00 1.00000E+00 1.00000E-05
     1     1     0     0     0     1     0     0     0    -1
 1.49500E+02-2.34393E+01-1.00000E+20 1.49500E+02-2.67877E+01 1.00000E+20
SURFMOD_2_PUMP_1160K                                                    
*  445 :  462                                                                 
 2.00000E+00 1.00000E+00 1.00000E+00 1.00000E-05
     1     1     0     0     0     1     0     0     0    -1
 1.49500E+02-2.67877E+01-1.00000E+20 1.49500E+02-3.01362E+01 1.00000E+20
SURFMOD_2_PUMP_1160K                                                    
*  446 :  463                                                                 
 2.00000E+00 1.00000E+00 1.00000E+00 1.00000E-05
     1     1     0     0     0     1     0     0     0    -1
 1.49500E+02-3.01362E+01-1.00000E+20 1.49500E+02-3.34847E+01 1.00000E+20
SURFMOD_2_PUMP_1160K                                                    
*  447 :  464                                                                 
 2.00000E+00 1.00000E+00 1.00000E+00 1.00000E-05
     1     1     0     0     0     1     0     0     0    -1
 1.49500E+02-3.34847E+01-1.00000E+20 1.49500E+02-3.68332E+01 1.00000E+20
SURFMOD_2_PUMP_1160K                                                    
*  448 :  465                                                                 
 2.00000E+00 1.00000E+00 1.00000E+00 1.00000E-05
     1     1     0     0     0     1     0     0     0    -1
 1.49500E+02-3.68332E+01-1.00000E+20 1.49500E+02-4.01817E+01 1.00000E+20
SURFMOD_2_PUMP_1160K                                                    
*  449 :  466                                                                 
 2.00000E+00 1.00000E+00 1.00000E+00 1.00000E-05
     1     1     0     0     0     1     0     0     0    -1
 1.49500E+02-4.01817E+01-1.00000E+20 1.49500E+02-4.35302E+01 1.00000E+20
SURFMOD_2_PUMP_1160K                                                    
*  450 :  467                                                                 
 2.00000E+00 1.00000E+00 1.00000E+00 1.00000E-05
     1     1     0     0     0     1     0     0     0    -1
 1.49500E+02-4.35302E+01-1.00000E+20 1.49500E+02-4.68788E+01 1.00000E+20
SURFMOD_2_PUMP_1160K                                                    
*  451 :  468                                                                 
 2.00000E+00 1.00000E+00 1.00000E+00 1.00000E-05
     1     1     0     0     0     1     0     0     0    -1
 1.49500E+02-4.68788E+01-1.00000E+20 1.49500E+02-5.02273E+01 1.00000E+20
SURFMOD_2_PUMP_1160K                                                    
*  452 :  469                                                                 
 2.00000E+00 1.00000E+00 1.00000E+00 1.00000E-05
     1     1     0     0     0     1     0     0     0    -1
 1.49500E+02-5.02273E+01-1.00000E+20 1.49500E+02-5.35758E+01 1.00000E+20
SURFMOD_2_PUMP_1160K                                                    
*  453 :  470                                                                 
 2.00000E+00 1.00000E+00 1.00000E+00 1.00000E-05
     1     1     0     0     0     1     0     0     0    -1
 1.49500E+02-5.35758E+01-1.00000E+20 1.49500E+02-5.69244E+01 1.00000E+20
SURFMOD_2_PUMP_1160K                                                    
*  454 :  471                                                                 
 2.00000E+00 1.00000E+00 1.00000E+00 1.00000E-05
     1     1     0     0     0     1     0     0     0    -1
 1.49500E+02-5.69244E+01-1.00000E+20 1.49500E+02-6.02729E+01 1.00000E+20
SURFMOD_2_PUMP_1160K                                                    
*  455 :  472                                                                 
 2.00000E+00 1.00000E+00 1.00000E+00 1.00000E-05
     1     1     0     0     0     1     0     0     0    -1
 1.49500E+02-6.02729E+01-1.00000E+20 1.49500E+02-6.36215E+01 1.00000E+20
SURFMOD_2_PUMP_1160K                                                    
*  456 :  473                                                                 
 2.00000E+00 1.00000E+00 1.00000E+00 1.00000E-05
     1     1     0     0     0     1     0     0     0    -1
 1.49500E+02-6.36215E+01-1.00000E+20 1.49500E+02-6.69701E+01 1.00000E+20
SURFMOD_2_PUMP_1160K                                                    
*  457 :  474                                                                 
 2.00000E+00 1.00000E+00 1.00000E+00 1.00000E-05
     1     1     0     0     0     1     0     0     0    -1
 1.49500E+02-6.69701E+01-1.00000E+20 1.49500E+02-7.03186E+01 1.00000E+20
SURFMOD_2_PUMP_1160K                                                    
*  458 :  475                                                                 
 2.00000E+00 1.00000E+00 1.00000E+00 1.00000E-05
     1     1     0     0     0     1     0     0     0    -1
 1.49500E+02-7.03186E+01-1.00000E+20 1.49500E+02-7.36672E+01 1.00000E+20
SURFMOD_2_PUMP_1160K                                                    
*  459 :  476                                                                 
 2.00000E+00 1.00000E+00 1.00000E+00 1.00000E-05
     1     1     0     0     0     1     0     0     0    -1
 1.49500E+02-7.36672E+01-1.00000E+20 1.49500E+02-7.70157E+01 1.00000E+20
SURFMOD_2_PUMP_1160K                                                    
*  460 :  477                                                                 
 2.00000E+00 1.00000E+00 1.00000E+00 1.00000E-05
     1     1     0     0     0     1     0     0     0    -1
 1.49500E+02-7.70157E+01-1.00000E+20 1.49500E+02-8.03643E+01 1.00000E+20
SURFMOD_2_PUMP_1160K                                                    
*  461 :  478                                                                 
 2.00000E+00 1.00000E+00 1.00000E+00 1.00000E-05
     1     1     0     0     0     1     0     0     0    -1
 1.49500E+02-8.03643E+01-1.00000E+20 1.49500E+02-8.37128E+01 1.00000E+20
SURFMOD_2_PUMP_1160K                                                    
*  462 :  479                                                                 
 2.00000E+00 1.00000E+00 1.00000E+00 1.00000E-05
     1     1     0     0     0     1     0     0     0    -1
 1.49500E+02-8.37128E+01-1.00000E+20 1.49500E+02-8.70614E+01 1.00000E+20
SURFMOD_2_PUMP_1160K                                                    
*  463 :  480                                                                 
 2.00000E+00 1.00000E+00 1.00000E+00 1.00000E-05
     1     1     0     0     0     1     0     0     0    -1
 1.49500E+02-8.70614E+01-1.00000E+20 1.49500E+02-9.04099E+01 1.00000E+20
SURFMOD_2_PUMP_1160K                                                    
*  464 :  481                                                                 
 2.00000E+00 1.00000E+00 1.00000E+00 1.00000E-05
     1     1     0     0     0     1     0     0     0    -1
 1.49500E+02-9.04099E+01-1.00000E+20 1.49500E+02-9.37584E+01 1.00000E+20
SURFMOD_2_PUMP_1160K                                                    
*  465 :  482                                                                 
 2.00000E+00 1.00000E+00 1.00000E+00 1.00000E-05
     1     1     0     0     0     1     0     0     0    -1
 1.49500E+02-9.37584E+01-1.00000E+20 1.49500E+02-9.71068E+01 1.00000E+20
SURFMOD_2_PUMP_1160K                                                    
*  466 :  483                                                                 
 2.00000E+00 1.00000E+00 1.00000E+00 1.00000E-05
     1     1     0     0     0     1     0     0     0    -1
 1.49500E+02-9.71068E+01-1.00000E+20 1.49500E+02-1.00455E+02 1.00000E+20
SURFMOD_2_PUMP_1160K                                                    
*  467 :  484                                                                 
 2.00000E+00 1.00000E+00 1.00000E+00 1.00000E-05
     1     1     0     0     0     1     0     0     0    -1
 1.49500E+02-1.00455E+02-1.00000E+20 1.49500E+02-1.03804E+02 1.00000E+20
SURFMOD_2_PUMP_1160K                                                    
*  468 :  485                                                                 
 2.00000E+00 1.00000E+00 1.00000E+00 1.00000E-05
     1     1     0     0     0     1     0     0     0    -1
 1.49500E+02-1.03804E+02-1.00000E+20 1.49500E+02-1.07152E+02 1.00000E+20
SURFMOD_2_PUMP_1160K                                                    
*  469 :  486                                                                 
 2.00000E+00 1.00000E+00 1.00000E+00 1.00000E-05
     1     1     0     0     0     1     0     0     0    -1
 1.49500E+02-1.07152E+02-1.00000E+20 1.49500E+02-1.10500E+02 1.00000E+20
SURFMOD_2_PUMP_1160K                                                    
*  470 :  487                                                                 
 2.00000E+00 1.00000E+00 1.00000E+00 1.00000E-05
     1     1     0     0     0     1     0     0     0    -1
 1.49500E+02-1.10500E+02-1.00000E+20 1.49500E+02-1.13848E+02 1.00000E+20
SURFMOD_2_PUMP_1160K                                                    
*  471 :  488                                                                 
 2.00000E+00 1.00000E+00 1.00000E+00 1.00000E-05
     1     1     0     0     0     1     0     0     0    -1
 1.49500E+02-1.13848E+02-1.00000E+20 1.49500E+02-1.17196E+02 1.00000E+20
SURFMOD_2_PUMP_1160K                                                    
*  472 :  489                                                                 
 2.00000E+00 1.00000E+00 1.00000E+00 1.00000E-05
     1     1     0     0     0     1     0     0     0    -1
 1.49500E+02-1.17196E+02-1.00000E+20 1.49500E+02-1.20544E+02 1.00000E+20
SURFMOD_2_PUMP_1160K                                                    
*  473 :  490                                                                 
 2.00000E+00 1.00000E+00 1.00000E+00 1.00000E-05
     1     1     0     0     0     1     0     0     0    -1
 1.49500E+02-1.20544E+02-1.00000E+20 1.49500E+02-1.23892E+02 1.00000E+20
SURFMOD_2_PUMP_1160K                                                    
*  474 :  491                                                                 
 2.00000E+00 1.00000E+00 1.00000E+00 1.00000E-05
     1     1     0     0     0     1     0     0     0    -1
 1.49500E+02-1.23892E+02-1.00000E+20 1.49500E+02-1.25000E+02 1.00000E+20
SURFMOD_2_PUMP_1160K                                                    
*  475 :  492                                                                 
 2.00000E+00 1.00000E+00 1.00000E+00 1.00000E-05
     1     1     0     0     0     1     0     0     0    -1
 1.49500E+02-1.25000E+02-1.00000E+20 1.48500E+02-1.25000E+02 1.00000E+20
SURFMOD_2_PUMP_1160K                                                    
*  476 :  493                                                                 
 2.00000E+00 1.00000E+00 1.00000E+00 1.00000E-05
     1     1     0     0     0     1     0     0     0    -1
 1.48500E+02-1.25000E+02-1.00000E+20 1.48500E+02-1.33928E+02 1.00000E+20
SURFMOD_2_PUMP_1160K                                                    
*  477 :  494                                                                 
 2.00000E+00 1.00000E+00 1.00000E+00 1.00000E-05
     1     1     0     0     0     1     0     0     0    -1
 1.48500E+02-1.33928E+02-1.00000E+20 1.48500E+02-1.37275E+02 1.00000E+20
SURFMOD_2_PUMP_1160K                                                    
*  478 :  495                                                                 
 2.00000E+00 1.00000E+00 1.00000E+00 1.00000E-05
     1     1     0     0     0     1     0     0     0    -1
 1.48500E+02-1.37275E+02-1.00000E+20 1.48500E+02-1.40622E+02 1.00000E+20
SURFMOD_2_PUMP_1160K                                                    
*  479 :  496                                                                 
 2.00000E+00 1.00000E+00 1.00000E+00 1.00000E-05
     1     1     0     0     0     1     0     0     0    -1
 1.48500E+02-1.40622E+02-1.00000E+20 1.48500E+02-1.43969E+02 1.00000E+20
SURFMOD_2_PUMP_1160K                                                    
*  480 :  497                                                                 
 2.00000E+00 1.00000E+00 1.00000E+00 1.00000E-05
     1     1     0     0     0     1     0     0     0    -1
 1.48500E+02-1.43969E+02-1.00000E+20 1.48500E+02-1.47316E+02 1.00000E+20
SURFMOD_2_PUMP_1160K                                                    
*  481 :  498                                                                 
 2.00000E+00 1.00000E+00 1.00000E+00 1.00000E-05
     1     1     0     0     0     1     0     0     0    -1
 1.48500E+02-1.47316E+02-1.00000E+20 1.48500E+02-1.50663E+02 1.00000E+20
SURFMOD_2_PUMP_1160K                                                    
*  482 :  499                                                                 
 2.00000E+00 1.00000E+00 1.00000E+00 1.00000E-05
     1     1     0     0     0     1     0     0     0    -1
 1.48500E+02-1.50663E+02-1.00000E+20 1.48500E+02-1.54010E+02 1.00000E+20
SURFMOD_2_PUMP_1160K                                                    
*  483 :  500                                                                 
 2.00000E+00 1.00000E+00 1.00000E+00 1.00000E-05
     1     1     0     0     0     1     0     0     0    -1
 1.48500E+02-1.54010E+02-1.00000E+20 1.48500E+02-1.57356E+02 1.00000E+20
SURFMOD_2_PUMP_1160K                                                    
*  484 :  501                                                                 
 2.00000E+00 1.00000E+00 1.00000E+00 1.00000E-05
     1     1     0     0     0     1     0     0     0    -1
 1.48500E+02-1.57356E+02-1.00000E+20 1.48500E+02-1.60703E+02 1.00000E+20
SURFMOD_2_PUMP_1160K                                                    
*  485 :  502                                                                 
 2.00000E+00 1.00000E+00 1.00000E+00 1.00000E-05
     1     1     0     0     0     1     0     0     0    -1
 1.48500E+02-1.60703E+02-1.00000E+20 1.48500E+02-1.64049E+02 1.00000E+20
SURFMOD_2_PUMP_1160K                                                    
*  486 :  503                                                                 
 2.00000E+00 1.00000E+00 1.00000E+00 1.00000E-05
     1     1     0     0     0     1     0     0     0    -1
 1.48500E+02-1.64049E+02-1.00000E+20 1.48500E+02-1.67396E+02 1.00000E+20
SURFMOD_2_PUMP_1160K                                                    
*  487 :  504                                                                 
 2.00000E+00 1.00000E+00 1.00000E+00 1.00000E-05
     1     1     0     0     0     1     0     0     0    -1
 1.48500E+02-1.67396E+02-1.00000E+20 1.48500E+02-1.70742E+02 1.00000E+20
SURFMOD_2_PUMP_1160K                                                    
*  488 :  505                                                                 
 2.00000E+00 1.00000E+00 1.00000E+00 1.00000E-05
     1     1     0     0     0     1     0     0     0    -1
 1.48500E+02-1.70742E+02-1.00000E+20 1.48500E+02-2.00000E+02 1.00000E+20
SURFMOD_2_PUMP_1160K                                                    
*  489 :  506                                                                 
 2.00000E+00 1.00000E+00 1.00000E+00 1.00000E-05
     1     1     0     0     0     1     0     0     0    -1
 1.48500E+02-2.00000E+02-1.00000E+20 1.48500E+02-2.30000E+02 1.00000E+20
SURFMOD_2_PUMP_1160K                                                    
*  490 :  507                                                                 
 2.00000E+00 1.00000E+00 1.00000E+00 1.00000E-05
     1     1     0     0     0     1     0     0     0    -1
 1.48500E+02-2.30000E+02-1.00000E+20 1.48500E+02-2.70000E+02 1.00000E+20
SURFMOD_2_PUMP_1160K                                                    
*  491 :  508                                                                 
 2.00000E+00 1.00000E+00 1.00000E+00 1.00000E-05
     1     1     0     0     0     1     0     0     0    -1
 1.48500E+02-2.70000E+02-1.00000E+20 1.63404E+02-4.01624E+02 1.00000E+20
SURFMOD_2_PUMP_1160K                                                    
*  492 :  509                                                                 
 2.00000E+00 1.00000E+00 1.00000E+00 1.00000E-05
     1     1     0     0     0     1     0     0     0    -1
 1.63404E+02-4.01624E+02-1.00000E+20 1.63701E+02-4.05021E+02 1.00000E+20
SURFMOD_2_PUMP_1160K                                                    
*  493 :  510                                                                 
 2.00000E+00 1.00000E+00 1.00000E+00 1.00000E-05
     1     1     0     0     0     1     0     0     0    -1
 1.63701E+02-4.05021E+02-1.00000E+20 1.64018E+02-4.08421E+02 1.00000E+20
SURFMOD_2_PUMP_1160K                                                    
*  494 :  511                                                                 
 2.00000E+00 1.00000E+00 1.00000E+00 1.00000E-05
     1     1     0     0     0     1     0     0     0    -1
 1.64018E+02-4.08421E+02-1.00000E+20 1.64357E+02-4.11818E+02 1.00000E+20
SURFMOD_2_PUMP_1160K                                                    
*  495 :  512                                                                 
 2.00000E+00 1.00000E+00 1.00000E+00 1.00000E-05
     1     1     0     0     0     1     0     0     0    -1
 1.64357E+02-4.11818E+02-1.00000E+20 1.64712E+02-4.15212E+02 1.00000E+20
SURFMOD_2_PUMP_1160K                                                    
*  496 :  513                                                                 
 2.00000E+00 1.00000E+00 1.00000E+00 1.00000E-05
     1     1     0     0     0     1     0     0     0    -1
 1.64712E+02-4.15212E+02-1.00000E+20 1.65089E+02-4.18617E+02 1.00000E+20
SURFMOD_2_PUMP_1160K                                                    
*  497 :  514                                                                 
 2.00000E+00 1.00000E+00 1.00000E+00 1.00000E-05
     1     1     0     0     0     1     0     0     0    -1
 1.65089E+02-4.18617E+02-1.00000E+20 1.65492E+02-4.22028E+02 1.00000E+20
SURFMOD_2_PUMP_1160K                                                    
*  498 :  515                                                                 
 2.00000E+00 1.00000E+00 1.00000E+00 1.00000E-05
     1     1     0     0     0     1     0     0     0    -1
 1.65492E+02-4.22028E+02-1.00000E+20 1.65920E+02-4.25442E+02 1.00000E+20
SURFMOD_2_PUMP_1160K                                                    
*  499 :  516                                                                 
 2.00000E+00 1.00000E+00 1.00000E+00 1.00000E-05
     1     1     0     0     0     1     0     0     0    -1
 1.65920E+02-4.25442E+02-1.00000E+20 1.66375E+02-4.28860E+02 1.00000E+20
SURFMOD_2_PUMP_1160K                                                    
*  500 :  517                                                                 
 2.00000E+00 1.00000E+00 1.00000E+00 1.00000E-05
     1     1     0     0     0     1     0     0     0    -1
 1.66375E+02-4.28860E+02-1.00000E+20 1.66857E+02-4.32272E+02 1.00000E+20
SURFMOD_2_PUMP_1160K                                                    
*  501 :  518                                                                 
 2.00000E+00 1.00000E+00 1.00000E+00 1.00000E-05
     1     1     0     0     0     1     0     0     0    -1
 1.66857E+02-4.32272E+02-1.00000E+20 1.67361E+02-4.35678E+02 1.00000E+20
SURFMOD_2_PUMP_1160K                                                    
*  502 :  519                                                                 
 2.00000E+00 1.00000E+00 1.00000E+00 1.00000E-05
     1     1     0     0     0     1     0     0     0    -1
 1.67361E+02-4.35678E+02-1.00000E+20 1.67891E+02-4.39095E+02 1.00000E+20
SURFMOD_2_PUMP_1160K                                                    
*  503 :  520                                                                 
 2.00000E+00 1.00000E+00 1.00000E+00 1.00000E-05
     1     1     0     0     0     1     0     0     0    -1
 1.67891E+02-4.39095E+02-1.00000E+20 1.68453E+02-4.42521E+02 1.00000E+20
SURFMOD_2_PUMP_1160K                                                    
*  504 :  521                                                                 
 2.00000E+00 1.00000E+00 1.00000E+00 1.00000E-05
     1     1     0     0     0     1     0     0     0    -1
 1.68453E+02-4.42521E+02-1.00000E+20 1.69046E+02-4.45949E+02 1.00000E+20
SURFMOD_2_PUMP_1160K                                                    
*  505 :  522                                                                 
 2.00000E+00 1.00000E+00 1.00000E+00 1.00000E-05
     1     1     0     0     0     1     0     0     0    -1
 1.69046E+02-4.45949E+02-1.00000E+20 1.69669E+02-4.49361E+02 1.00000E+20
SURFMOD_2_PUMP_1160K                                                    
*  506 :  523                                                                 
 2.00000E+00 1.00000E+00 1.00000E+00 1.00000E-05
     1     1     0     0     0     1     0     0     0    -1
 1.69669E+02-4.49361E+02-1.00000E+20 1.70312E+02-4.52776E+02 1.00000E+20
SURFMOD_2_PUMP_1160K                                                    
*  507 :  524                                                                 
 2.00000E+00 1.00000E+00 1.00000E+00 1.00000E-05
     1     1     0     0     0     1     0     0     0    -1
 1.70312E+02-4.52776E+02-1.00000E+20 2.00000E+02-5.89700E+02 1.00000E+20
SURFMOD_2_PUMP_1160K                                                    
*  508 :  525                                                                 
 2.00000E+00 1.00000E+00 1.00000E+00 1.00000E-05
     1     1     0     0     0     1     0     0     0    -1
 2.00000E+02-5.89700E+02-1.00000E+20 1.68766E+02-6.28474E+02 1.00000E+20
SURFMOD_2_PUMP_1160K                                                    
*  509 :  526                                                                 
 2.00000E+00 1.00000E+00 1.00000E+00 1.00000E-05
     1     1     0     0     0     1     0     0     0    -1
 1.68766E+02-6.28474E+02-1.00000E+20 1.67500E+02-6.30000E+02 1.00000E+20
SURFMOD_2_PUMP_1160K                                                    
*  510 :  527                                                                 
 2.00000E+00 1.00000E+00 1.00000E+00 1.00000E-05
     1     1     0     0     0     1     0     0     0     0
 1.29602E+02-6.34707E+02-1.00000E+20 1.67500E+02-6.30000E+02 1.00000E+20
SURFMOD_2_PUMP_1160K                                                    
*  511 :  528                                                                 
 2.00000E+00 1.00000E+00 1.00000E+00 1.00000E-05
     1     1     0     0     0     1     0     0     0     0
 1.80055E+02-6.77573E+02-1.00000E+20 1.29602E+02-6.34707E+02 1.00000E+20
SURFMOD_2_PUMP_1160K                                                    
*  512 :  541  - target edge (to be modified by GEOUSR)                       
 2.00000E+00 1.00000E+00 1.00000E+00 1.00000E-05
     1     1     0     0     0     1     0     0     0    -1
 1.65307E+02-6.33603E+02-1.00000E+20 1.67276E+02-6.39911E+02 1.00000E+20
SURFMOD_1_PUMP_1160K                                                    
*  513 :  542                                                                 
 2.00000E+00 1.00000E+00 1.00000E+00 1.00000E-05
     1     1     0     0     0     1     0     0     0     0
 1.67276E+02-6.39911E+02-1.00000E+20 1.73366E+02-6.57808E+02 1.00000E+20
SURFMOD_1_PUMP_1160K                                                    
*  514 :  543  - target edge (to be modified by GEOUSR)                       
 2.00000E+00 1.00000E+00 1.00000E+00 1.00000E-05
     1     1     0     0     0     1     0     0     0    -3
 5.51464E+02-8.51245E+02-1.00000E+20 5.51464E+02-8.51243E+02 1.00000E+20
SURFMOD_1_PUMP_1160K                                                    
*  515 :  544                                                                 
 2.00000E+00 1.00000E+00 1.00000E+00 1.00000E-05
     1     1     0     0     0     1     0     0     0     0
 5.51464E+02 8.51245E+02-1.00000E+20 5.40000E+02 8.51735E+02 1.00000E+20
SURFMOD_1_PUMP_1160K                                                    
*  516 :  545  - target edge (to be modified by GEOUSR)                       
 2.00000E+00 1.00000E+00 1.00000E+00 1.00000E-05
     1     1     0     0     0     1     0     0     0    -1
 1.69287E+02 6.45823E+02-1.00000E+20 1.65307E+02 6.33603E+02 1.00000E+20
SURFMOD_1_PUMP_1160K                                                    
*** 4. Data for species and atomic physics module                       
**  Reactions                                                           
    18
  1 AMMONX H.2  R-H-H    EL   1  1 0.00000E+00 0.00000E+00 0.00000E+00 0.00000E+00 0.00000E+00
  2 AMMONX H.2  R-H-H2   EL   2  1 0.00000E+00 0.00000E+00 0.00000E+00 0.00000E+00 0.00000E+00
  3 AMJUEL H.4  2.1.5    EI   0  1 0.00000E+00 0.00000E+00 0.00000E+00 0.00000E+00 0.00000E+00
  4 AMJUEL H.10 2.1.5    EI   0  1 0.00000E+00 0.00000E+00 0.00000E+00 0.00000E+00 0.00000E+00
  5 HYDHEL H.1  3.1.8    CX   1  1 0.00000E+00 0.00000E+00 0.00000E+00 0.00000E+00 0.00000E+00
  5 HYDHEL H.3  3.1.8    CX   1  1 0.00000E+00 0.00000E+00 0.00000E+00 0.00000E+00 0.00000E+00
  6 AMMONX H.2  R-H2-H   EL   1  2 0.00000E+00 0.00000E+00 0.00000E+00 0.00000E+00 0.00000E+00
  7 AMMONX H.2  R-H2-H2  EL   2  2 0.00000E+00 0.00000E+00 0.00000E+00 0.00000E+00 0.00000E+00
  8 AMJUEL H.4  2.2.9    EI   0  2 0.00000E+00 0.00000E+00 0.00000E+00 0.00000E+00 0.00000E+00
  9 AMJUEL H.4  2.2.5g   DS   0  2 0.00000E+00 0.00000E+00 0.00000E+00 0.00000E+00 0.00000E+00
 10 AMJUEL H.4  2.2.10   DS   0  2 0.00000E+00 0.00000E+00 0.00000E+00 0.00000E+00 0.00000E+00
 11 AMJUEL H.0  0.3T     EL   1  2 0.00000E+00 0.00000E+00 0.00000E+00 0.00000E+00 0.00000E+00
 11 AMJUEL H.1  0.3T     EL   1  2 0.00000E+00 0.00000E+00 0.00000E+00 0.00000E+00 0.00000E+00
 11 AMJUEL H.3  0.3T     EL   1  2 0.00000E+00 0.00000E+00 0.00000E+00 0.00000E+00 0.00000E+00
 12 AMJUEL H.2  3.2.3    CX   1  2 0.00000E+00 0.00000E+00 0.00000E+00 0.00000E+00 0.00000E+00
 13 AMJUEL H.4  2.2.12   DS   0  2 0.00000E+00 0.00000E+00 0.00000E+00 0.00000E+00 0.00000E+00
 14 AMJUEL H.4  2.2.11   EI   0  2 0.00000E+00 0.00000E+00 0.00000E+00 0.00000E+00 0.00000E+00
 15 AMJUEL H.4  2.2.14   DS   0  2 0.00000E+00 0.00000E+00 0.00000E+00 0.00000E+00 0.00000E+00
 16 AMJUEL H.8  2.2.14   DS   0  2 0.00000E+00 0.00000E+00 0.00000E+00 0.00000E+00 0.00000E+00
 17 AMJUEL H.4  2.1.8    RC   0  1 0.00000E+00 0.00000E+00 0.00000E+00 0.00000E+00 0.00000E+00
 18 AMJUEL H.10 2.1.8    RC   0  1 1.36000E+01 0.00000E+00 0.00000E+00 0.00000E+00 0.00000E+00
** 4a. Neutral atom species                                             
     1
 1 D         2  1  1  0  1 -1  0  4  0  0  0
     1   214   111   214  1001     0   111
 0.00000E+00 0.00000E+00 0.00000E+00 0.00000E+00 1.00000E+00 0.00000E+00
     2   314   111   314  1001     0   112
 0.00000E+00 0.00000E+00 0.00000E+00 0.00000E+00 1.00000E+00 0.00000E+00
     3   115   114     0 30000     0     0
 4.00000E+00 0.00000E+00 0.00000E+00 0.00000E+00 1.00000E+00 0.00000E+00
     5   114   111   114  1001     0     0
 0.00000E+00 0.00000E+00 0.00000E+00 0.00000E+00 1.00000E+00 0.00000E+00
** 4b. Neutral molecule species                                         
     1
 1 D2        4  2  2  0  0  1  0  6  0  0  0  1
     6   414   112   414  1001     0   111
 0.00000E+00 0.00000E+00 0.00000E+00 0.00000E+00 1.00000E+00
     7   514   112   514  1001     0   112
 0.00000E+00 0.00000E+00 0.00000E+00 0.00000E+00 1.00000E+00
     8   115   113     0     0     0     0
-1.54000E+01 0.00000E+00 0.00000E+00 0.00000E+00 1.00000E+00
     9   115   121     0     0     0     0
-1.05000E+01 0.00000E+00 3.00000E+00 3.00000E+00 1.00000E+00
    10   115   111   114     0     0     0
-2.50000E+01 0.00000E+00 5.00000E+00 5.00000E+00 1.00000E+00
    12   114   111   113  1001     0     0
 0.00000E+00 0.00000E+00 0.00000E+00 0.00000E+00 1.00000E+00
** 4c. Test ion species                                                 
     1
 1 D2+       4  2  2  1  0 -1  0  3 -1  0  0  1
    13   115   111   114     0     0     0
-1.04000E+01 0.00000E+00 4.30000E+00 4.30000E+00 1.00000E+00
    14   115   124     0     0     0     0
-1.55000E+01 0.00000E+00 2.50000E-01 2.50000E-01 1.00000E+00
    15   115   121     0 30300     0     0
 1.60000E+01 0.00000E+00 1.60000E+01 0.00000E+00 1.00000E+00
*** 5. Data for plasma background                                       
** 5a. Bulk ion species                                                 
     5
 1 D+        2  1  1  1  1 -1  0  1  0  0  0  0             0
    17   115   111     0 30000
 1.80000E+01 0.00000E+00 0.00000E+00 0.00000E+00 1.00000E+00
 2 D(B)      2  1  1  0  1 -1  0  0  0  0  0  0             0
 3 D2D(B)    2  1  1  0  1 -1  0  0  0  0  0  0             0
 4 DD2(B)    4  2  2  0  0  1  0  0  0  0  0  0             0
 5 D2(B)     4  2  2  0  0  1  0  0  0  0  0  0             0
** 5b. Plasma background data                                           
     6     6     6     6     6     6     0     0     0     0     9     0
 0.00000E+00 0.00000E+00 0.00000E+00 0.00000E+00 0.00000E+00 0.00000E+00
*** 6a. General data for reflection model                               
T
cpath modules/Eirene/Database/Surfacedata/TRIM/                   
D_on_Li
D_on_Cu_1.00
 1.00000E+00
 1.00000E+00
 1.00000E+00
 1.00000E+00 0.00000E+00 0.00000E+00 0.00000E+00 0.00000E+00
 1.00000E+00 5.00000E+01 1.00000E-01 0.00000E+00 0.00000E+00 0.00000E+00
SURFMOD_1_PUMP_1160K                                                    
     1     0     0     0     1     0
 7.03000E+02-1.00000E-01 0.00000E+00 0.00000E+00 0.00000E+00-1.00000E+00
 1.00000E+00 8.00000E-01 1.00000E+00 1.00000E+00 5.00000E-01 1.00000E+00
 0.00000E+00 0.00000E+00 0.00000E+00 0.00000E+00 1.00000E+00 0.00000E+00
RECYCT   D2      0.9900E+00
SURFMOD_2_PUMP_1160K                                                    
     1     0     0     0     1     0
 7.03000E+02-1.00000E-01 0.00000E+00 0.00000E+00 0.00000E+00-1.00000E+00
 1.00000E+00 5.00000E-01 1.00000E+00 1.00000E+00 5.00000E-01 1.00000E+00
 0.00000E+00 0.00000E+00 0.00000E+00 0.00000E+00 1.00000E+00 0.00000E+00
RECYCT   D2      0.9900E+00
SURFMOD_3_PUMP_1160K                                                    
     1     0     0     0     1     0
 7.03000E+02-1.00000E-01 0.00000E+00 0.00000E+00 0.00000E+00-1.00000E+00
 1.00000E+00 4.99999E-01 1.00000E+00 1.00000E+00 5.00000E-01 1.00000E+00
 0.00000E+00 0.00000E+00 0.00000E+00 0.00000E+00 1.00000E+00 0.00000E+00
RECYCT   D2      0.9900E+00
*** 7. Data for primary sources, nstrai strata
    11
     6     6     6     6     6     6     6     6     6     6    -1
 5.00000E-01 4.00000E+00
*  11 : Volumetric recombination D                                      
FFFFF
  7000  4001     6     1     0
 1.00000E+00 0.00000E+00     0     0     0     0     0     0     0     0
FFFTF
     1
FFFTF
     1
    11     0     0     0     0     0     0     0     0
 1.00000E+00 1.40000E+02 1.00000E+00 0.00000E+00 0.00000E+00
     0     0     0     0     0     0     0
 0.00000E+00 0.00000E+00 0.00000E+00 0.00000E+00 0.00000E+00 0.00000E+00
 0.00000E+00 0.00000E+00 0.00000E+00 0.00000E+00 0.00000E+00
 0.00000E+00 0.00000E+00 0.00000E+00 0.00000E+00 0.00000E+00
*** 8. Additional data for specific zones                               
     0
*** 9. Data for statistic and non-analog model                          
FFFFF FFFFF FFF
     0
     0     0     0     0     0
 1.00000E+03 1.00000E-02 0.00000E+00
 2.00000E+00
**  Standard deviation                                                  
     0     0     0     0
*** 10. Data for additional tallies                                     
     8     0     0     0     0     0
** 10a. Volume tallies - tracklength estimator                          
     1     1     0     1
RADIAL PARTICLE FLUXES, VOLUME-AVERAGED                                 
D ATOMS                 #/CM**2/S               
     1     1     0     2
RADIAL PARTICLE FLUXES, VOLUME-AVERAGED                                 
D2 MOLECULES            #/CM**2/S               
     1     1     0     1
RADIAL ENERGY FLUXES, VOLUME-AVERAGED                                   
D ATOMS                 EV/CM**2/S              
     1     1     0     2
RADIAL ENERGY FLUXES, VOLUME-AVERAGED                                   
D2 MOLECULES            #/CM**2/S               
     1     1     0     1
PARALLEL PARTICLE FLUXES, VOLUME-AVERAGED                               
D ATOMS                 #/CM**2/S               
     1     1     0     2
PARALLEL PARTICLE FLUXES, VOLUME-AVERAGED                               
D2 MOLECULES                                    
     1     1     0     1
PARALLEL ENERGY FLUXES, VOLUME-AVERAGED                                 
D ATOMS                 EV/CM**2/S              
     1     1     0     2
PARALLEL ENERGY FLUXES, VOLUME-AVERAGED                                 
D2 MOLECULES            EV/CM**2/S              
** 10b. Volume tallies - collisional estimator                          
** 10c. Volume tallies - algebraic expressions                          
** 10d. Surface tallies                                                 
** 10e. Surface tallies - algebraic expressions                         
** 10f. Data for energy spectra                                         
*** 11. Data for numerical and graphical output                         
FFFFF FFFFF FFFFF FFFFF FFFFF FFFFF FFFFF
TFFFF FFFFF FT
    65     1
     9     2     0     0   100
    10     2     0     0   101
    11     2     0     0   102
    12     2     0     0   103
    13     2     0     0   104
    14     2     0     0   105
    15     2     0     0   110
    16     2     0     0   111
    17     2     0     0   112
    18     2     0     0   113
    19     2     0     0   114
    20     2     0     0   115
    21     2     0     0   120
    22     2     0     0   121
    23     2     0     0   122
    24     2     0     0   123
    25     2     0     0   124
    26     2     0     0   125
    27     2     0     0   130
    28     2     0     0   131
    29     2     0     0   132
    30     2     0     0   133
    31     2     0     0   134
    32     2     0     0   135
    75     2     0     0   141
    76     2     0     0   142
    77     2     0     0   143
    78     2     0     0   144
    79     2     0     0   145
    97     2     0     0   205
    98     2     0     0   215
    99     2     0     0   225
   100     2     0     0   235
    33     2     0     0   300
    34     2     0     0   301
    35     2     0     0   302
    36     2     0     0   303
    37     2     0     0   304
    38     2     0     0   305
    39     2     0     0   310
    40     2     0     0   311
    41     2     0     0   312
    42     2     0     0   313
    43     2     0     0   314
    44     2     0     0   315
    45     2     0     0   320
    46     2     0     0   321
    47     2     0     0   322
    47     2     0     0   323
    49     2     0     0   324
    50     2     0     0   325
    51     2     0     0   330
    52     2     0     0   331
    53     2     0     0   332
    54     2     0     0   333
    55     2     0     0   334
    56     2     0     0   335
    80     2     0     0   341
    81     2     0     0   342
    82     2     0     0   343
    83     2     0     0   344
    84     2     0     0   345    
    -4     2     0     0   400
     1     2     0     0   401
   -11     2     0     0   411
     0
FFFFF FFFFF FFFFF F
     1    48     1     1   208     1     0     0     0     0
F                          0
F                          0
F                          0
F                          0
F                          0
F                          0
F                          0
F                          0
 9.33813E+02 9.33813E+02 3.77744E+02 5.93781E+00 0.00000E+00
 1.00000E+01 1.00000E+01 0.00000E+00 0.00000E+00 1.00000E+01 1.00000E+01
 1.00000E+01 1.00000E+01 0.00000E+00
     0     0     0     0     0     0     0     0     0     0     2
     0
*** 12. Data for diagnostic module                                      
DEFINE_LINES
     0     1
     0     0     0     0     0     0     0     0
*** 13. Data for nonlinear and time dep. option                         
 50000    -1     0
     0     1
 1.00000E+04 0.00000E+00
** 13a. Data for snapshot tallies                                       
     0
*** 14. Data for interfacing routine "infusr"                           
FTFFT
     1     0     1     0     0     0     1     1     1
     1     1 1.00000E+00 2.00000E+00     1
     2   -13 0.00000E+00 2.00000E+00     1
     3   -13 0.00000E+00 2.00000E+00     1
     4   -13 0.00000E+00 4.00000E+00     1
     5   -13 0.00000E+00 4.00000E+00     1
   207    47
    10
     1     1     1     1     1     1     1     1     1     1
     1     0    -1     1     1    48     0 25001     0     1     1     7
     2    82     1     1     1    48     0 25006     0     1     1     7
     3    85    -1     1     1    48     0 25011     0     1     1     7
     4   207     1     1     1    48     0 25016     0     1     1     7
     5     0    -1     2     1    21     0 25021     0     1     1     6
     6     0    -1     2    63    83     0 25000     0     1     1     6
     7     0    -1     2    86   126     0 25000     0     1     1     6
     8     0    -1     2   168   208     0 25000     0     1     1     6
     9    47     1     2     1    83     0 25000     0     1     1     6
    10    47     1     2    86   208     0 25000     0     1     1     6
 6.00000E+01 6.00000E+01 1.00000E+02 5.00000E+01
     0     0     0
     0
*** 15. Data for interfacing routine "geousr"                           
     0     8
     3     1 0.00000E+00 0.00000E+00
   512     2 0.00000E+00 0.00000E+00
   362     2 0.00000E+00 0.00000E+00
   516     1 0.00000E+00 0.00000E+00
   349     1 0.00000E+00 0.00000E+00
    19     2 0.00000E+00 0.00000E+00
    18     2 0.00000E+00 0.00000E+00
   514     1 0.00000E+00 0.00000E+00
